Niche,Product Name,ASIN,Brand,Launch Date,Niche Click Count (Past 360 days),Click Share (Past 360 days),Average Selling Price (Past 360 days) (USD),Total Ratings,Average Customer Rating,Average BSR,Average # of Sellers and Vendors (Past 360 days)
shower steamers,TUWESEN Shower Steamers Aromatherapy SPA Kit 8 PCS Shower Steamers for Women Shower Bombs with Essential Oils-Self Care & Relaxation Birthday Gifts for Women and Men. Purple Romantic Set,B0CB5GX9LR,TUWESEN,2023-07-05,104047,0.0603,8.4,1210,4.4,13,7
shower steamers,Cleverfy Shower Steamers Aromatherapy - Variety Pack of 6 Shower Bombs with Essential Oils. Personal Care and Relaxation Birthday Gifts for Women and Men. Purple Set,B07L5QGF38,CLEVERFY,2019-05-08,120262,0.0697,16.17,37017,4.3,2,4
shower steamers,Shower Steamers Aromatherapy - 18 Pack Shower Bombs Birthday Gifts for Women Gifts for Mom Organic with Eucalyptus Mint Lavender Watermelon Grapefruit Essential Oils Stress Relief Mothers Day Gifts,B0BFHXRG1F,JoJowell,2022-10-27,115204,0.0668,22.04,1697,4.3,5,5
shower steamers,BodyRefresh Shower Steamers - 18 Pack Shower Bombs with Essential Oils Personal Self Care Birthday Gifts for Women Men Mom Gifts for Her Mothers Day Gifts Set for Mom from Daughter,B0CF561CZG,BodyRefresh,2023-09-20,64424,0.0373,15.76,724,4.3,17,3
shower steamers,Fizzgarden 18-Pack Shower Steamers-Shower Bath Bombs with Individually Wrapped-Variety Shower Tablets-Mothers Day Gifts/Birthday Gifts for Women Men Who Have Everything,B0BYCK9MKW,Fizzgarden,2023-04-29,71554,0.0415,13,635,4.2,20,3
shower steamers,Body Restore Shower Steamers Aromatherapy 15 Pack - Valentines Day Gifts Relaxation Birthday Gifts for Women and Men Stress Relief and Luxury Self Care Eucalyptus,B08BC88KG1,Body Restore,2020-02-20,129416,0.0751,24.8,20642,4.3,3,4
shower steamers,BodyRefresh Shower Steamers Aromatherapy - 8 Pack Shower Bombs with Essential Oils. Self Care Birthday Gifts for Women Gifts for Her Mothers Day Gifts for Wife Mom from Daughter,B0CF58LSJN,BodyRefresh,2023-09-19,39535,0.0229,8.59,834,4.2,3,3
shower steamers,Body Restore Shower Steamers Aromatherapy 15 Packs - Valentines Day Gifts Relaxation Birthday Gifts for Women and Men Stress Relief and Effortless Self Care Lavender Bath Bombs,B08FDCLXNP,Body Restore,2020-08-07,51946,0.0301,25.06,12872,4.4,2,4
shower steamers,Aromatherapy Shower Steamers Birthday Gifts for Women - Swcandy 8 Pcs Bath Bombs Mothers Day Gifts for Mom Shower Bombs Self Care with Essential Oils Relaxation Home SPA Lavender,B0B76DDS36,SWCANDY,2022-09-18,99730,0.0578,9.99,3266,4.4,22,8
shower steamers,Shower Steamers Aromatherapy Birthday Gifts for Women - SWCANDY 8 Pcs Bath Bombs Gifts for Women Shower Bombs Self Care Gifts for Mom with Essential Oils Relaxation Home SPA,B0CLDN4BRM,SWCANDY,2023-10-19,31514,0.0182,7.54,3266,4.4,7,7
shower steamers,Cleverfy Shower Steamers Aromatherapy - 18 Pack of Shower Bombs with Essential Oils. Self Care and Relaxation Birthday Gifts for Women and Men. Purple Set,B09VTHB39V,CLEVERFY,2022-03-17,39243,0.0227,24.74,37017,4.3,2,3
shower steamers,Shower Steamers Aromatherapy - 24 Pack Shower Bombs with Essential Oils Self Care Birthday Gifts for Women Mom Stress Relief Gifts for Her Mom Gifts for Mothers Day Gifts for Wife Mom from Daughter,B0CFXTP5PF,CALM2U,2023-08-17,22816,0.0132,20.95,188,4.3,69,2
shower steamers,Shower Steamers Aromatherapy - USA Made with Natural Ingredients Shower Bombs with Eucalyptus Essential Oil Shower Steamers for Cold and Flu Relaxation & Self Care Gifts for Women & Men,B0CC3HGBGD,Beauty by Earth,2023-08-21,32889,0.019,19.54,1130,4.5,7,2
shower steamers,PeaceNBliss 30 Pack Shower Steamers Shower Bath Bombs with Natural Fragrance - Mothers Day Gifts Self-Care Gifts for Women and Men Relaxation Birthday Gifts,B0CGH9QFDZ,PeaceNBliss,2023-10-17,33255,0.0192,20.79,196,4.2,56,4
shower steamers,Shower Steamers Aromatherapy-Eucalyptus Shower Bombs Gifts for Women Christmas Gift 12pcs Organic Pure Essential Oil Home Spa Bath Stress Relief and Relaxation Present for Stocking Stuffers for Her,B0BXNLLK9G,BYART,2023-03-07,27002,0.0156,14.38,593,4.5,25,5
shower steamers,Vicks VapoShower Plus Shower Steamers Eucalyptus Shower Steamer & Menthol Scent Clean Dissolving Vapor Shower Tablets Aromatherapy Shower Steamer & Shower Bombs 12 count,B08QTZBK5Y,Vicks,2020-12-17,34817,0.0202,20.87,17695,4.5,2,40
shower steamers,Shower Steamers Aromatherapy - Valentines Day Gifts for women 8 Pack Pure Essential Oil Shower Bombs for Home Spa Bath Self Care Stress Relief and Relaxation Bath Gifts for Her Birthday Present Pink,B0CGTZFHQW,BYART,2023-08-29,24745,0.0143,13.97,605,4.5,13,3
shower steamers,Cleverfy Shower Steamers Aromatherapy - Variety Pack of 6 Shower Bombs with Essential Oils.Self Care and Relaxation Spa Gifts for Women. Red Set,B07P8395DZ,CLEVERFY,2019-05-01,20906,0.0121,14.83,16233,4.3,5,4
shower steamers,PeaceNBliss Shower Steamers 6 Pack Bath Bombs Shower Tablets for Halloween Christmas Birthday Gifts for Men and Women Who Have Everything(6 Scents),B0CD3FRM99,PeaceNBliss,2023-09-24,30992,0.0179,8.97,166,4.2,56,2
shower steamers,Body Restore Shower Steamers Aromatherapy 6 Packs - Valentines Day Gifts Relaxation Birthday Gifts for Women and Men Stress Relief and Effortless Self Care Bloom Variety Scent Shower Bath Bombs,B0BJYCRS51,Body Restore,2023-01-21,50237,0.0291,16.51,12872,4.4,2,3
shower steamers,Oziva Aromatherapy Shower Steamers-Easter Basket Stuffers for Adults Shower Bombs - Self Care and Relaxation Stress Relief Easter Basket Stuffers,B096VVY2D1,Oziva,2021-06-09,21332,0.0123,10.02,2153,4.09,20,4
shower steamers,Shower Steamers Aromatherapy Spa Gifts for Women 8 PCS BLRIET Shower Bombs Birthday Gift for Mom with Lavender Natural Essential Oils Self Care & Relaxation Gifts for Lover,B0CHMDT2FM,BLRIET,2023-07-31,23662,0.0137,10.16,822,4.59,31,3
shower steamers,Cleverfy Shower Steamers with Essential Oils 6-Pack Blue Set,B0C4YF33DK,CLEVERFY,2023-05-11,10947,0.0063,13.91,16233,4.3,5,1
shower steamers,Body Restore Shower Steamers Aromatherapy 6 Pack - Stress Relief and Luxury Self Care Relaxation Birthday Gifts for Women and Men Valentines Day Gifts - Eucalyptus,B0BXBB1LVC,Body Restore,2023-03-04,29463,0.017,14.78,1130,4.3,13,4
shower steamers,TranquilBliss Shower Steamers 18 PCS Gifts Set Self Care Relaxation Shower Tablets with Shea Butter 6 Fragrance Shower Bombs Valentines Day Gift Ideas for Women Men Mother Wife,B0CJ2S82KC,TranquilBliss,2023-11-08,13429,0.0077,15.31,99,4.2,47,1
shower steamers,TranquilBliss Shower Steamers-15 Pack Shower Bombs with Lavender Scent Self-Care Gifts for Women Who Have Everything Relaxation Birthday Gifts for Women Valentines Day Gifts for Her,B0CJ2JGGN9,TranquilBliss,2023-11-03,11660,0.0067,11.55,112,4.3,49,2
shower steamers,18 Pack Shower Steamers - Mothers Day Birthday Gifts - Shower Bombs with Lavender Mint Rose Coco Ocean Grapefruit Natural Fragrance Self Care & Relaxation Gifts for Women and Men,B0BY8T5JDH,DeckTheHalls,2023-04-15,74758,0.0433,11.66,851,4.2,25,2
shower steamers,TranquilBliss Shower Steamers Shower Bombs with Natural Fragrance Self Care& Relaxation Christmas Birthday Gifts for Women and Mom Stocking Stuffers Individually Packaged Purple Set 6Pack,B0CJ2LMM3X,TranquilBliss,2023-11-01,11985,0.0069,9.99,83,4.4,51,1
shower steamers,Cleverfy Shower Steamers Aromatherapy - Compact Variety Pack of 6 Shower Bombs with Essential Oils. Self Care and Relaxation Birthday Gifts for Women and Men. Red Set,B0BW12BDDL,CLEVERFY,2023-02-16,10257,0.0059,10.39,16233,4.3,484,2
shower steamers,MR MIRYE Shower Steamers Aromatherapy for Women or Men Organic with Chamomile Rose Lavender Mint Watermelon Eucalyptus Essential Oil 18-Pack Shower Bombs Birthday Gift,B0B1TCPGRV,MR MIRYE,2022-05-20,24586,0.0142,18.11,1135,4.3,28,3
shower steamers,Shower Steamers (8 Pack) - Eucalyptus Shower Steamers Aromatherapy Shower Steamer - Eucalyptus Shower Bombs Aromatherapy Shower Tablets Eucalyptus Shower Steamer Shower Steamers Menthol,B0B6CJFS4Z,Orca Beauty,2022-07-12,36119,0.0209,13.06,1852,4.3,18,4
shower steamers,Shower Steamers Aromatherapy Birthday Gifts for Women - Variety Pack of 6 Shower Bombs with Natural Essential Oils Self Care & Relaxation Mothers Day Gifts for Mom Wife from Daughter Gifts for Her,B0BR54PCNS,CALM2U,2023-01-27,25494,0.0147,6.38,973,4.2,23,3
shower steamers,CALM2U Shower Steamers - Birthday Gifts for Women 8 Pack Shower Bombs with Essential Oils Self Care Mom Gifts for Mothers Day Gifts for Wife Mom from Daughter Gifts for Her Him Men,B0CQNQF172,CALM2U,2024-01-22,6952,0.004,7.12,188,4.3,126,1
shower steamers,ASILA Shower Steamers Aromatherapy Gifts Set 10PCS Self Care Shower Bombs with Essential Oil Fragrant & Long-Lasting Birthday Gifts 4X Fragrant & Long-Lasting in Shower,B0CL7HD39H,ASILA,2023-10-18,7286,0.0042,10.05,86,4.4,260,2
shower steamers,Cleverfy Shower Steamers Aromatherapy - Compact Variety Pack of 6 Shower Bombs with Essential Oils. Self Care and Relaxation Birthday Gifts for Women and Men. Purple Set,B0C49PM1HS,CLEVERFY,2023-05-04,8452,0.0049,10.44,3514,4.3,307,2
shower steamers,Shower Steamers Aromatherapy Gifts Set Pack of 8 Shower Bath Bombs Tablets with Essential Oils for Home SPA Self Care Relaxation Birthday Christmas Gift for Women and Men Who Have Everything,B0C3QSXVPW,deeegel,2023-06-30,12809,0.0074,8.41,196,4.2,102,1
shower steamers,CalmNFiz Shower Steamers Gifts for Mom Shower Bombs Valentine Mothers Day Gifts for Women Luxury Self Care Birthday Gifts for Women and Men Blue Set 8 Packs,B0BXDJLVXW,CalmNFiz,2023-03-14,63126,0.0366,7.44,779,4.2,23,2
shower steamers,Variety Pack Shower Steamers with Essential Oils Shower Bombs Made in the USA Aromatherapy Shower Steamers Gift Set Shower Steamers for Women Shower Tablets Aromatherapy Easter Basket Stuffer,B0CKFGJHQ2,The Herbal Zen,2021-04-10,9212,0.0053,35.63,846,4.59,7,1
shower steamers,Body Restore Shower Steamers Aromatherapy 6 Pack - Stress Relief and Luxury Self Care Relaxation Birthday Gifts for Women and Men Valentines Day Gifts - Cocoa Orange,B0BXBDRVSP,Body Restore,2023-05-27,7485,0.0043,9.36,1130,4.3,14,1
shower steamers,TranquilBliss Shower Steamers 6 Count Shower Steamers - Nice Gifts Set with Natural Ingredients 6 Different Scents & Individually Wrapped Ideal as Holiday Gift for Her Friends Mom,B0CJ28H8PN,TranquilBliss,2023-11-06,8786,0.005,9.57,74,4.5,50,2
shower steamers,Shower Steamers for Women 24pc Shower Bombs Aromatherapy Gift Set w/Organic Essential Oils. Shower Melts Bath Bomb for Shower Birthday Selfcare Gifts for Women Men Moms Wife - Easter Gift,B0BCDXXRM7,Mineral Me California,2022-11-19,11071,0.0064,28.91,3414,4.59,38,2
shower steamers,Shower Steamers Aromatherapy Sunolga 12Pcs Bath Bombs Birthday Gifts for Women Shower Bombs with Natural Essential Oils Relaxation Home SPA for Women Who Has Everything Self Care Christmas Gifts,B0C7L9ZMTY,Sunolga,2023-06-09,6839,0.0039,9.41,267,4.4,145,1
shower steamers,Easter Basket Stuffers for Teens: sanyi Shower Steamers Aromatherapy 8 Pcs Shower Bombs Gifts for Women Bath Bombs Girls SPA Self Care and Relaxation with Essential Oils Birthday Gifts for Women,B0995RMBWQ,sanyi,2021-07-12,7413,0.0043,8.77,821,4.5,46,3
shower steamers,Maybeluck Shower Steamers Aromatherapy 24 Packs Birthday Gifts for Women Gifts for Mom Stress Relief Shower Bombs with Essential Oil Mothers Day Gifts for Mom from Daughter,B0CFXR472J,Maybeluck,2023-08-17,11451,0.0066,18.94,175,4.4,117,1
shower steamers,OYEKEEP Shower Steamers Aromatherapy - Christmas Gifts Stocking Stuffers for Women and Men 8 Pcs Shower Bombs with Natural Essential Oil Stree Relief&Self Care&Relaxation Birthday Gift for Her Blue,B0CHS1S8YR,OYEKEEP,2023-09-11,9913,0.0057,12.39,196,4.5,123,2
shower steamers,Shower Steamers Aromatherapy + Stone Tray - 8 Pack Shower Bombs for Women Self Care & Stress Relief - Home SPA with Lavender Eucalyptus Shower Tablets Aromatherapy - Birthday Gifts for Women and Men,B0CGRXK1B1,WONDER FAMILY,2023-08-28,5209,0.003,24.88,136,4.5,104,1
shower steamers,MR MIRYE Shower Steamers Aromatherapy 20-Pack Shower Bombs Organic with Verbena Orange&Vanilla Watermelon Lemongrass&Coconut Eucalyptus&Mint Essential Oil Birthday Mothers Day Gifts for Her,B0BG8K1HG2,MR MIRYE,2022-09-23,20860,0.0121,16.65,486,4.3,50,1
shower steamers,TranquilBliss Shower Steamers 6 Count Scented Shower Bombs with Organic & Natural Fragrance Self-Care & Relaxation Birthday Gifts for Women Who Have Everything,B0CJ2K61WK,TranquilBliss,2023-11-05,5378,0.0031,11.53,95,4.4,50,1
shower steamers,Cleverfy Shower Steamers Aromatherapy - Compact Variety Pack of 6 Shower Bombs with Essential Oils. Self Care and Relaxation Birthday Gifts for Women and Men. Blue Set,B07P8SQVXR,CLEVERFY,2019-05-09,11480,0.0066,13.37,16233,4.3,499,3
shower steamers,OYEKEEP Shower Steamers Aromatherapy-12pcs Essential Oil Shower Bombs Self Care Christmas Gifts Stocking Stuffers for Women Relaxation Gifts for Women and Men (Blue),B0CJ8PGMBR,OYEKEEP,2023-11-20,4513,0.0026,17.39,102,4.4,40,1
shower steamers,GuruNanda Breathe Shower Steamer Tablets (Pack of 10) - 100% Natural Eucalyptus Essential Oil helps with Congestion and Basil Supports Stress Relief & Mental Clarity - Perfect for Home Spa & Self Care,B0CH3JR1YY,GuruNanda,2023-09-01,4782,0.0027,9.97,195,3.8,25,2
shower steamers,Bumodel Shower Steamers Aromatherapy 6Pack Organic Shower Bath Bombs for Women Mom and men Shower Tablets with Natural Essential Oils for Home SPA Self Care Relaxation Gifts for Birthday Christmas Day,B09ZQB1W21,BUMODEL,2022-05-07,6354,0.0036,7.59,462,4.3,63,1
shower steamers,SWCANDY Shower Steamers Aromatherapy 18 PCS Eucalyptus for Shower Lavender Shower Tablets Self Care & Spa Gifts with Lavender Natural Essential Oils,B0CPYBSRTR,SWCANDY,2023-12-11,4224,0.0024,11.47,559,4.3,60,1
shower steamers,Body Restore Shower Steamers Aromatherapy 6 Pack - Stress Relief and Luxury Self Care Relaxation Birthday Gifts for Women and Men Valentines Day Gifts - Tea Tree,B0BXBC51JV,Body Restore,2023-05-27,4528,0.0026,9.31,1130,4.3,14,1
shower steamers,Organic Shower Steamers Aromatherapy - Natural Shower Bombs Vapor Tablets for Home Spa Relaxation Shower Melts Relaxing Self Care Gifts for Men Women Kids Teens - Easter Gift for Him Her,B07J43LNZ9,Mineral Me California,2018-10-07,6069,0.0035,16.9,4347,4.4,57,1
shower steamers,Shower Steamers Aromatherapy - USA Made Lavender Shower Bombs Relaxation Gifts for Women for Stress Relief & Bath Essentials for Wife New Mom Gifts After Birth Nurse Gifts & Relaxing Gifts for Men,B0CHGDKF15,Beauty by Earth,2023-10-16,8653,0.005,18.64,1130,4.5,24,1
shower steamers,Cleverfy Aromatherapy Shower Steamers for Men - Pack of 6 Shower Bombs with Essential Oils. Unique Relaxation Birthday Gifts for Men Who Have Everything.,B09TL5RYXP,CLEVERFY,2022-05-30,7558,0.0043,16.79,37017,4.3,38,2
shower steamers,AGUABRANCA Shower Steamers Aromatherapy Eucalyptus - Menthol Shower Bombs Aromatherapy - Eucalyptus Shower Steamer USA Made - Best Friends Gifts for Woman Who Have Everything - Daughter Gift for Moms,B0CNBQJ6G1,aguabranca,2023-10-24,3860,0.0022,15.24,77,4.4,61,1
shower steamers,TranquilBliss Shower Steamers with Natural Fragrance 6 Pack Shower Bath Bombs Valentines Day Gifts Luxury Self Care & Relaxation Valentines Day Birthday Gifts for Women and Men,B0CJ2LXKJL,TranquilBliss,2023-11-06,5706,0.0033,7.7,100,4.4,163,1
shower steamers,Shower Steamers Aromatherapy 6 Packs Shower Tablets with Essential Oil for Home SPA & Self Care Stress Relief Birthday Gifts for Women and Men Eucalyptus Shower Bath Bombs - BABYPEACH,B0BX3WTSK7,BABYPEACH,2023-02-28,7293,0.0042,8.99,524,4.3,22,2
shower steamers,Tinyera Moms Gift Shower Steamers 6pcs Shower Bath Bombs with Essential Oils for Self Care & SPA Relaxation Stress Relief Birthday Gifts for Women Men Gifts for Her,B0C7KVMBW4,Tinyera,2023-06-09,3800,0.0022,5.57,97,4.2,105,1
shower steamers,Cleverfy Shower Steamers Aromatherapy - Gift Set of 6 Shower Bombs with Essential Oils for Relaxation and Nasal Congestion. Eucalyptus and Menthol Shower Steamer. Green Set,B0BJ2ZXL8X,CLEVERFY,2022-10-13,3850,0.0022,11.74,1203,4.4,15,2
shower steamers for kids,Turner and Addie Shower Steamers for Kids and Teens | Safe for Kids Scented Essential Oils Relaxation Aromatherapy Self Care Stress Relief (1 Pack),B0CMJQCDY5,Turner and Addie,11/4/23,1909,0.1164,13.37,8,3.7,664,1
shower steamers for kids,Shower Bombs Steamers Gifts for Women-EUSEMIA 12 Pcs Scented Aromatherapy Shower Bath Bombs Steamer with Essential Oils for Body Restore and Stress Relief,B0963NLYLQ,EUSEMIA,5/28/21,1796,0.1095,17.91,938,4.3,49,2
shower steamers for kids,Easter Basket Stuffers for Teens: sanyi Shower Steamers Aromatherapy 8 Pcs Shower Bombs Gifts for Women Bath Bombs Girls SPA Self Care and Relaxation with Essential Oils Birthday Gifts for Women,B0995RMBWQ,sanyi,7/12/21,1105,0.0673,8.77,821,4.5,46,3
shower steamers for kids,Cleverfy Shower Steamers Aromatherapy - Compact Variety Pack of 6 Shower Bombs with Essential Oils. Self Care and Relaxation Birthday Gifts for Women and Men. Purple Set,B0C49PM1HS,CLEVERFY,5/4/23,818,0.0498,10.44,3514,4.3,307,2
shower steamers for kids,MAQUITA Christmas Shower Steamers and 6Pcs Shower Bath Bombs Tables with SPA Aromatherapy Stress Relif Relaxing Gift for Women Girls Great Christmas Gifts,B0CGJ73NWK,MAQUITA,8/24/23,718,0.0437,8.48,15,3.5,764,2
shower steamers for kids,Shower Steamers Aofmee Shower Bombs 8 PCS Shower Steamer Aromatherapy Shower Tablets with Essential Oil Shower Fizzies Bath Bombs Valentines Birthday Mothers Day Christmas Gifts for Women Mom Wife,B08LMFVFX3,Aofmee,10/8/20,709,0.0432,7.83,2275,4.09,397,2
shower steamers for kids,Aofmee Shower Steamers Aromatherapy - Pack of 8 Shower Bombs with Essential Oils Valentines Day Gifts Relaxation Birthday Gifts for Women and Men Stress Relief and Luxury Self Care Shower Bath Bombs,B0BB9BPGMJ,Aofmee,8/20/22,658,0.0401,10.51,553,4.2,243,1
shower steamers for kids,Shower Steamers Aromatherapy Gifts Set 9 Pcs Different scents Bath Bombs Tablets for Women and Men .100% Natural Organic Essential Oil Spa Gift Set for Birthday Party Christmas Valentines Day,B0C4GJWRTY,TITETE,5/5/23,643,0.0392,17,1,5,278,1
shower steamers for kids,Shower Steamers Aromatherapy - Bowknot Pack of 6 Shower Tablets Shower Steamers with Natural Essential Oils Aromatherapy Shower Steamer for Stress Relaxation Gift Set for Mothers Day,B09BB5X2VZ,leoce,7/27/21,628,0.0383,10.66,760,4,825,3
shower steamers for kids,Shower Steamers Christmas Stocking Stuffers for Women - Scent-A-Claus Christmas Gifts Box - Set of 6 Holiday Theme Flavors. Mom Gifts for Her 2023. White Elephant Wife Girlfriend Teen Girls Teenagers,B0CC11VGBV,Pelto,7/16/23,625,0.0381,6.39,88,3.9,107,2
shower steamers for kids,Shower Steamers Aromatherapy Birthday Gifts for Women - Variety Pack of 6 Shower Bombs with Natural Essential Oils Self Care & Relaxation Mothers Day Gifts for Mom Wife from Daughter Gifts for Her,B0BR54PCNS,CALM2U,1/27/23,492,0.03,6.38,973,4.2,23,3
shower steamers for kids,Shower Steamers Aromatherapy 30PCS Natural Organic Shower Bombs with Essential Oils for Relaxing Home Spa Birthday Christmas Gift Basket for Women,B09657QJQT,leoce,8/21/21,442,0.0269,24.49,3189,4,143,4
shower steamers for kids,Turner and Addie Shower Steamers for Kids and Teens - Stocking Stuffer Christmas Gift | Safe for Kids Scented Essential Oils Relaxation Aromatherapy Self Care Stress Relief (2 Pack),B0CMTYDFC3,Turner and Addie,11/8/23,423,0.0257,24.06,0,3,1125,1
shower steamers for kids,Cleverfy Shower Steamers Aromatherapy - Compact Variety Pack of 6 Shower Bombs with Essential Oils. Self Care and Relaxation Birthday Gifts for Women and Men. Blue Set,B07P8SQVXR,CLEVERFY,5/9/19,365,0.0222,13.37,16233,4.3,499,3
shower steamers for kids,Cleverfy Shower Steamers Aromatherapy - Variety Pack of 6 Shower Bombs with Essential Oils. Personal Care and Relaxation Birthday Gifts for Women and Men. Purple Set,B07L5QGF38,CLEVERFY,5/8/19,359,0.0218,16.17,37017,4.3,2,4
shower steamers for kids,Shower Steamers Aromatherapy - 8 Pcs Smile Face Scented Bath Bomb Steamer Tablets for Shower with Pure Essential Oils Women Stress Relief Spa Gift for Birthday Christmas and Valentines Day,B0B3LG4G14,M&U MAKE YOU UP,6/9/22,310,0.0189,13.15,77,4.3,449,3
shower steamers for kids,Aofmee Shower Steamers 12 Shower Bombs Shower Steamers Aromatherapy for Women Shower Tablet for Mom Wife Relaxation Gifts for Women Who Have Everything on Christmas Birthday Valentines Mothers Day,B0BF8MFHTS,Aofmee,9/14/22,271,0.0165,8.88,296,4,468,1
shower steamers for kids,Cleverfy Shower Steamers with Essential Oils 6-Pack Blue Set,B0C4YF33DK,CLEVERFY,5/11/23,263,0.016,13.91,16233,4.3,5,1
shower steamers for kids,Tinyera Pack of 10 Shower Steamers Gifts for Mom Shower Bath Bombs with Essential Oils for Self Care & SPA Relaxation Stress Relief Birthday Gifts for Women Men Gifts for Her,B0CL5XSKZT,Tinyera,6/9/23,254,0.0154,8.85,97,4.2,105,2
shower steamers for kids,Peradix Shower Steamers Aromatherapy [8X]Christmas Gift Bath Shower Bombs with Essential Oils Self Care Birthday Gifts for Women Mon Girlfriend Stocking Stuffers for Adults Kids Teens,B0CBTPL69G,Peradix,9/19/23,242,0.0147,10.28,1596,4,64,1
shower steamers for kids,Valentines Gift for Her Christmas Clearance POPCHOSE Shower Steamers Aromatherapy Pack of 6 Self Care Relaxation Xmas Gifts for Mom Menthol&Eucalyputs and Lavender,B0CHVRF2YV,POPCHOSE,9/12/23,234,0.0142,12.59,1318,4.3,314,1
shower steamers for kids,Cold Kicker Shower Steamers Aromatherapy Eucalyptus Shower Steamer Shower Bombs Made in the USA Menthol Shower Steamer Self Care Gifts Easter Basket Stuffer Spa Day Gift for Her and Him,B07NZWYD7T,The Herbal Zen,2/20/19,209,0.0127,24.76,2027,4.59,21,2
shower steamers for kids,Aromatherapy Shower Steamers 8 Pack Essential Oil Shower Bombs Relaxing Home SPA Self Care Gift for Mothers Day Ideal for Mom Girls Teacher Appreciation Gifts,B0BZPM16JH,CROOIRE,4/13/23,194,0.0118,7.04,63,3.9,134,2
shower steamers for kids,10 Bath Bombs for Kids Easter Gifts Bath Bomb Gift Set Natural Bubble Bathbombs Shea Butter Dry Skin Moisturize Fizzy Spa Bath for Her Mom Women Kid Girls Birthday Mothers,B08PFJ3T1Z,comfso,2/26/21,194,0.0118,16.61,1808,4.7,48,2
shower steamers for kids,Athbavib Shower Steamers Aromatherapy 8 Vapor Shower Bombs Gift Set with Essential Oils Shower Steamers Tablets Stress Relief Relaxing Christmas Gifts for Women Mom Kids,B0CDFMTLX6,Athbavib,8/1/23,173,0.0105,8.19,24,3.9,1021,1
shower steamers for kids,MAQUITA 6pcs Shower Steamers Gift Set - Pure Essential Oil Shower Bomb Aromatherapy for Women or Men - Self Care Relaxation Pampering Vapor Shower Tablets for Home Spa - Special Christmas Gifts,B0B6VTDHNT,MAQUITA,8/15/22,169,0.0103,8.06,425,4.09,795,1
shower steamers for kids,Bath Bombs for Girls - 6 Aromatherapy Bathbombs with Natural and Organic Ingredients Skin Moisturizing Bubble Bath Fizzy Bath Bombs for Kids Women Teenage Girls Birthdays Easter Basket Stuffers,B08QF8T4RF,Mineral Me California,12/12/20,165,0.01,16.56,938,4.7,52,1
shower steamers for kids,BlissfulOasis Bath Bombs Scented Shower Bombs Natural Ingredients Bath Bomb Gift Set 6 Pack Women Christmas Gifts Mothers Day Birthday Gift Ideas for Kids Women Mom,B0CFDXP888,BlissfulOasis,11/9/23,149,0.009,13.15,45,4.59,170,2
shower steamers for kids,Variety Pack of 6 Shower Steamers with Essential Oils. Self Care and Relaxation Birthday Gifts Yimiyaa Spa Fizzies Bath Bomb Kit Birthday Christmas Holiday Gifts for Women Girls Boys,B09F5PYP44,Yimiyaa,9/1/21,133,0.0081,8.36,478,4.09,331,1
shower steamers for kids,Aofmee Shower Steamers 8 Shower Bombs Shower Steamers Aromatherapy for Women Men Mom Relaxing Gifts for Christmas Valentines Birthday Mothers Day,B0CGTQ346L,Aofmee,12/4/23,131,0.0079,8.9,215,4.5,384,1
shower steamers for kids,EYEKESHE Rainbow Shower Steamers Gift Set for Kids Safety Organic Natural Shower Bombs for Bubble Bath Rich in Essential Oils Shea Butter Best Gift for Girls Boys on Birthday Christmas Easter,B093FLLYFM,EYEKESHE,7/19/21,124,0.0075,16.99,397,3.8,1903,2
shower steamers for kids,Shower Steamers Aromatherapy 24 Count - Sunolga Valentines Day Gifts for Women and Men Natural Essential Oil Shower Bath Bombs Birthday Gifts for Women and Men,B0CGHNQBXZ,Sunolga,8/24/23,116,0.007,14.42,226,4.2,130,3
shower steamers for kids,Shower Steamers Aromatherapy - Valentines Day Gifts for women 8 Pack Pure Essential Oil Shower Bombs for Home Spa Bath Self Care Stress Relief and Relaxation Bath Gifts for Her Birthday Present Pink,B0CGTZFHQW,BYART,8/29/23,110,0.0067,13.97,605,4.5,13,3
shower steamers for kids,Cleverfy Shower Steamers Aromatherapy - Variety Pack of 6 Shower Bombs with Essential Oils.Self Care and Relaxation Spa Gifts for Women. Red Set,B07P8395DZ,CLEVERFY,5/1/19,110,0.0067,14.83,16233,4.3,5,4
shower steamers for kids,Shower Steamers Pack of 20 Aromatherapy Shower Bombs 10 Scents Vaporizing Spa Shower with Essential Oils Great Gift for Birthday Valentines Day,B0B1BCLYWT,PickMora,5/15/22,104,0.0063,13.95,135,4.2,183,1
shower steamers for kids,Shower Steamers Aromatherapy Eucalyptus and Lavender Shower Bombs. Stress Relief and Relaxation Spa Gifts for Women Body Restore Energize 6 pcs Set,B09SJ34BCQ,NATURAVIS,2/15/22,102,0.0062,12.14,305,4.4,72,2
shower steamers for kids,CalmNFiz Shower Steamers 8 Pcs - Scented Shower Bombs with Organic & Natural Fragrance Bath and Body Works Bath Bombs Birthday Anniversary Valentines Day Gifts for Women Who Have Everything,B0BPBSV68P,CalmNFiz,1/17/23,97,0.0059,8.52,1233,4.09,22,4
shower steamers for kids,Monkey Farts Shower Steamers,B09QLML364,Generic,1/17/22,93,0.0056,12.87,1,5,1356,1
shower steamers for kids,18 Pack Shower Steamers - Mothers Day Birthday Gifts - Shower Bombs with Lavender Mint Rose Coco Ocean Grapefruit Natural Fragrance Self Care & Relaxation Gifts for Women and Men,B0BY8T5JDH,DeckTheHalls,4/15/23,92,0.0056,11.66,851,4.2,25,2
shower steamers for kids,Floral Shower Steamers 12 Pack Aromatherapy Shower Tablets Natural Floral Scent Flower Themed Pampering Gift for Women.,B0C9YG682N,KHH,7/2/23,80,0.0048,15.27,10,4.3,558,1
shower steamers for kids,OYEKEEP Shower Steamers Aromatherapy - Christmas Gifts Stocking Stuffers for Women and Men 8 Pcs Shower Bombs with Natural Essential Oil Stree Relief&Self Care&Relaxation Birthday Gift for Her Blue,B0CHS1S8YR,OYEKEEP,9/11/23,78,0.0047,12.39,196,4.5,123,2
shower steamers for kids,Aromatherapy Shower Steamers Set Six Fizzies - Uplifting Relaxing Stress Relief Scents for Women and Men - Self Care Home Spa Experience - Christmas Day Stocking Stuffers and Relaxation Gifts,B0933KSQZL,BELLISSO,4/21/21,76,0.0046,11.61,1609,4.09,58,2
shower steamers for kids,Kids Bath Bombs by The Makers of Boogie Wipes Boogie Fizzies Calming Naturally Derived Made with Aloe and Calming Vapors Eucalyptus 2.8 oz 3 Bath Bombs Pack of 1,B0BNQKVW2R,Boogie,12/1/22,77,0.0046,9.93,154,4.5,92,1
shower steamers for kids,Cleverfy Shower Steamers Aromatherapy - 18 Pack of Shower Bombs with Essential Oils. Self Care and Relaxation Birthday Gifts for Women and Men. Purple Set,B09VTHB39V,CLEVERFY,3/17/22,66,0.004,24.74,37017,4.3,2,3
shower steamers for kids,Shower Steamer Gift Set for Women Shower Bombs Great Smell with Natural Essential Oil Perfect Gifts for Girls Relaxing Aromatherapy Set for Self Care SPA -Ideal Birthday or Mothers Day Pack of 8,B0CMLTH5TB,BoboSweeTree,11/25/23,63,0.0038,9.82,11,4.5,419,1
shower steamers for kids,Bubble Wand for Kids Bath Bomb Fizz Shower Fun 3 Wands with 34 Pieces of Cute Temporary Tattoos Great Gift for Children,B0CHNR4KXD,KHH,9/9/23,61,0.0037,15.88,7,2.5,388,1
shower steamers for kids,Effiland Aromatherapy Shower Steamers Shower Gifts Soap Holder Set 6-Pack Shower Bombs Gift for Women Relaxing Self Care,B0B8DQ25L3,EFFILAND,8/2/22,62,0.0037,7.9,265,3.9,147,3
shower steamers for kids,Bath Bombs 4 Packs Scented Shower Bath Bombs Christmas Gift Set Women Girlfriend Men Christmas Supplies,B0C5CT556B,WorldBazaar,5/16/23,57,0.0034,10.33,5,3.7,998,1
shower steamers for kids,PeaceNBliss 30 Pack Shower Steamers Shower Bath Bombs with Natural Fragrance - Mothers Day Gifts Self-Care Gifts for Women and Men Relaxation Birthday Gifts,B0CGH9QFDZ,PeaceNBliss,10/17/23,47,0.0028,20.79,196,4.2,56,4