Book ID,Name,Author,Year,Genre
651ccf32-4ba0-4b00-a01b-346c7119d707,10-Day Green Smoothie Cleanse,JJ Smith,2016,Non Fiction
1f69e5dc-47c7-48ce-93a8-faad875517d2,11/22/63: A Novel,Stephen King,2011,Fiction
06acc119-0350-4ef3-a0db-68106d508f96,12 Rules for Life: An Antidote to Chaos,Jordan B. Peterson,2018,Non Fiction
31db3672-7158-4dab-b20a-0930534fe007,1984 (Signet Classics),George Orwell,2017,Fiction
fd57b9be-30a4-46c4-990a-1be3f9cf19fb,"5,000 Awesome Facts (About Everything!) (National Geographic Kids)",National Geographic Kids,2019,Non Fiction
99f44a6e-829e-4b38-90ad-18536b47d657,A Dance with Dragons (A Song of Ice and Fire),George R. R. Martin,2011,Fiction
c43d64b0-b9cc-4c14-970f-876265b745f4,A Game of Thrones / A Clash of Kings / A Storm of Swords / A Feast of Crows / A Dance with Dragons,George R. R. Martin,2014,Fiction
7edec7e5-f4f6-4d3b-a56e-b8350db43c0a,A Gentleman in Moscow: A Novel,Amor Towles,2017,Fiction
ce023628-f653-43d4-b709-aafabaa7a73f,"A Higher Loyalty: Truth, Lies, and Leadership",James Comey,2018,Non Fiction
5915913f-5ac8-4142-91b9-1c72c91fbcb9,A Man Called Ove: A Novel,Fredrik Backman,2016,Fiction
daf65afd-ce8e-43bb-93db-53557ea73fac,A Man Called Ove: A Novel,Fredrik Backman,2017,Fiction
0f194f80-ded5-4f6c-83ec-ec92868a21df,A Patriot's History of the United States: From Columbus's Great Discovery to the War on Terror,Larry Schweikart,2010,Non Fiction
27b97e0a-679c-4891-af39-01e0a1c515f3,A Stolen Life: A Memoir,Jaycee Dugard,2011,Non Fiction
3c45d0d4-f021-42fe-b986-6424a0f22fa3,A Wrinkle in Time (Time Quintet),Madeleine L'Engle,2018,Fiction
1f1067ab-cca9-4fbe-8d2e-c5fb5cee1e0f,"Act Like a Lady, Think Like a Man: What Men Really Think About Love, Relationships, Intimacy, and Commitment",Steve Harvey,2009,Non Fiction
49737519-1eec-475a-a378-43084475ee05,"Adult Coloring Book Designs: Stress Relief Coloring Book: Garden Designs, Mandalas, Animals, and Paisley Patterns",Adult Coloring Book Designs,2016,Non Fiction
a244e7aa-e7e5-4244-93dc-14fc8479ca87,Adult Coloring Book: Stress Relieving Animal Designs,Blue Star Coloring,2015,Non Fiction
7213be95-390e-4b0b-9929-50a892f39ba6,Adult Coloring Book: Stress Relieving Patterns,Blue Star Coloring,2015,Non Fiction
d98ed74c-9b2e-4553-a102-faa859cfe4df,"Adult Coloring Books: A Coloring Book for Adults Featuring Mandalas and Henna Inspired Flowers, Animals, and Paisley…",Coloring Books for Adults,2015,Non Fiction
7101ce09-0c25-4513-aa11-ef6667010829,Alexander Hamilton,Ron Chernow,2016,Non Fiction
94f9c94a-343a-4c8b-b280-ef43c56cec53,All the Light We Cannot See,Anthony Doerr,2014,Fiction
3978032a-3d34-4c81-b67f-74b76bdd857c,All the Light We Cannot See,Anthony Doerr,2015,Fiction
e1801ad0-e0d1-4bef-93f3-a04512bcce2a,Allegiant,Veronica Roth,2013,Fiction
be9c33ba-39de-4622-8395-57b94d8ef678,American Sniper: The Autobiography of the Most Lethal Sniper in U.S. Military History,Chris Kyle,2015,Non Fiction
a342288d-a45a-4647-bca8-a11fdda4e8c4,And the Mountains Echoed,Khaled Hosseini,2013,Fiction
82b3074b-829c-4b93-85b8-a2682552c3fc,Arguing with Idiots: How to Stop Small Minds and Big Government,Glenn Beck,2009,Non Fiction
9ac0e6a9-ef3d-405f-8e5b-c7df62d385a0,Astrophysics for People in a Hurry,Neil deGrasse Tyson,2017,Non Fiction
7a1683cc-e2f3-4c22-ba51-6f944facb101,"Autobiography of Mark Twain, Vol. 1",Mark Twain,2010,Non Fiction
ba1eb8eb-4030-40f8-8fc9-e4344e791d96,Baby Touch and Feel: Animals,DK,2015,Non Fiction
73b49051-1f98-4786-a2b7-93eed52e0d3d,Balance (Angie's Extreme Stress Menders),Angie Grace,2015,Non Fiction
c1e000f2-6efc-4b4b-b5c6-51f5adc70635,Barefoot Contessa Foolproof: Recipes You Can Trust: A Cookbook,Ina Garten,2012,Non Fiction
b836ed5e-e4ec-4252-8bc4-4f18a0ecbef8,"Barefoot Contessa, How Easy Is That?: Fabulous Recipes & Easy Tips",Ina Garten,2010,Non Fiction
acf6ded5-e93e-465d-9a68-dc270d515563,Becoming,Michelle Obama,2018,Non Fiction
275a7cd5-d091-4cee-b42b-e0565fbdaf35,Becoming,Michelle Obama,2019,Non Fiction
9a1cd67a-a85e-44b1-8db6-f5b4916cab4c,Being Mortal: Medicine and What Matters in the End,Atul Gawande,2015,Non Fiction
31155fdd-021e-40a8-84e5-0a279f5e1b57,Between the World and Me,Ta-Nehisi Coates,2015,Non Fiction
a1550712-dddc-4f14-ab5e-840be83004f3,Between the World and Me,Ta-Nehisi Coates,2016,Non Fiction
b2aeaf9c-3821-40a7-8639-6e87974eabca,Born to Run,Bruce Springsteen,2016,Non Fiction
619bb494-2616-43bf-bd8c-bedffdb4d935,"Breaking Dawn (The Twilight Saga, Book 4)",Stephenie Meyer,2009,Fiction
7846ad71-69d0-496b-b26b-06da459d8f42,"Broke: The Plan to Restore Our Trust, Truth and Treasure",Glenn Beck,2010,Non Fiction
7420175c-13d5-4c1c-a49f-0e54b3f14acd,"Brown Bear, Brown Bear, What Do You See?",Bill Martin Jr.,2017,Fiction
4a214f8a-783f-4288-82a2-6a9cc6cdf320,"Brown Bear, Brown Bear, What Do You See?",Bill Martin Jr.,2019,Fiction
bf92cc15-6430-470a-9ed7-c6bd7f9c1f61,"Cabin Fever (Diary of a Wimpy Kid, Book 6)",Jeff Kinney,2011,Fiction
b54710e8-a6ca-44be-8077-c3fceecad637,Calm the F*ck Down: An Irreverent Adult Coloring Book (Irreverent Book Series),Sasha O'Hara,2016,Non Fiction
680ca3e8-026f-4302-9ed1-7aa1d55ae948,Can't Hurt Me: Master Your Mind and Defy the Odds,David Goggins,2019,Non Fiction
8ba525f3-17a8-4c55-b87d-29e807e94599,Capital in the Twenty First Century,Thomas Piketty,2014,Non Fiction
8e2909e2-d149-4a07-b311-4512f8cf64f0,Catching Fire (The Hunger Games),Suzanne Collins,2010,Fiction
5000b157-c434-4c23-ad52-c55474cda3ee,Catching Fire (The Hunger Games),Suzanne Collins,2011,Fiction
3b347c26-0ddb-4027-8bbd-923c9cb05c06,Catching Fire (The Hunger Games),Suzanne Collins,2012,Fiction
b6de348c-c321-4f08-91cf-f5f0107494b9,Cravings: Recipes for All the Food You Want to Eat: A Cookbook,Chrissy Teigen,2016,Non Fiction
eadf0bda-56c8-4cf5-b183-5d42335b39ba,Crazy Love: Overwhelmed by a Relentless God,Francis Chan,2009,Non Fiction
98e4fa41-2b10-4743-80c6-8375044ad6b5,Crazy Love: Overwhelmed by a Relentless God,Francis Chan,2010,Non Fiction
b09f6041-6cfe-4ba2-b27f-4868a49c12be,Crazy Love: Overwhelmed by a Relentless God,Francis Chan,2011,Non Fiction
732fe691-7ac5-4670-8fc3-f72f90e503a2,Crazy Rich Asians (Crazy Rich Asians Trilogy),Kevin Kwan,2018,Fiction
63034ab6-0623-42f4-ad63-26bb47021810,Creative Haven Creative Cats Coloring Book (Adult Coloring),Marjorie Sarnat,2015,Non Fiction
77c4c61b-5ed2-460a-b907-dfd431a930cc,Creative Haven Owls Coloring Book (Adult Coloring),Marjorie Sarnat,2015,Non Fiction
ebdd7a53-8a25-4244-84ad-df3d87b838e9,Cutting for Stone,Abraham Verghese,2010,Fiction
7d54767f-afc9-4a65-981c-77b2801fa403,Cutting for Stone,Abraham Verghese,2011,Fiction
25b6e945-0f98-4170-a457-c480c57f9401,"Daring Greatly: How the Courage to Be Vulnerable Transforms the Way We Live, Love, Parent, and Lead",Brené Brown,2013,Non Fiction
b8567070-2413-45e2-9ce2-4066e39c812f,"David and Goliath: Underdogs, Misfits, and the Art of Battling Giants",Malcolm Gladwell,2013,Non Fiction
b3d86a2f-953f-4cdd-8147-98d20403b02e,Dead And Gone: A Sookie Stackhouse Novel (Sookie Stackhouse/True Blood),Charlaine Harris,2009,Fiction
ea63f8a2-e296-4de4-8459-696c1fd78542,"Dead in the Family (Sookie Stackhouse/True Blood, Book 10)",Charlaine Harris,2010,Fiction
f2871134-a5b5-4e80-987d-5191ec6a5ebc,"Dead Reckoning (Sookie Stackhouse/True Blood, Book 11)",Charlaine Harris,2011,Fiction
e03a8072-ddf0-4381-b818-70633f0ee298,Dear Zoo: A Lift-the-Flap Book,Rod Campbell,2015,Fiction
002f67cf-afce-4efa-b704-07e9bc4b0487,Dear Zoo: A Lift-the-Flap Book,Rod Campbell,2016,Fiction
8704c426-4943-4218-abec-cf69063cc0ac,Dear Zoo: A Lift-the-Flap Book,Rod Campbell,2017,Fiction
a63b5788-9223-432b-8f27-639b48fd85c1,Dear Zoo: A Lift-the-Flap Book,Rod Campbell,2018,Fiction
6ff4f45e-e63c-46d8-8f69-ee195394536f,Decision Points,George W. Bush,2010,Non Fiction
1e9a236a-e18c-4aa1-9816-f16986e2676a,"Delivering Happiness: A Path to Profits, Passion, and Purpose",Tony Hsieh,2010,Non Fiction
4a35cbc6-f0c4-489b-bd98-7e5195d87c9b,"Diagnostic and Statistical Manual of Mental Disorders, 5th Edition: DSM-5",American Psychiatric Association,2013,Non Fiction
7b9db43b-80d0-49eb-9404-954a833e6194,"Diagnostic and Statistical Manual of Mental Disorders, 5th Edition: DSM-5",American Psychiatric Association,2014,Non Fiction
6a4e3501-ce71-454c-a290-488119ef2c8a,"Diary of a Wimpy Kid: Hard Luck, Book 8",Jeff Kinney,2013,Fiction
dc77f750-637a-40e9-a111-3b0db64b3758,Diary of a Wimpy Kid: The Last Straw (Book 3),Jeff Kinney,2009,Fiction
f0fee6cf-9c59-40d3-b9d5-ba221ab261ac,Diary of a Wimpy Kid: The Long Haul,Jeff Kinney,2014,Fiction
b2aa1411-363a-417b-9f06-596a5344e3f9,Difficult Riddles For Smart Kids: 300 Difficult Riddles And Brain Teasers Families Will Love (Books for Smart Kids),M Prefontaine,2019,Non Fiction
95b88293-853f-414a-8062-c74ab63d10d8,Divergent,Veronica Roth,2013,Fiction
bb97b282-c4df-46fc-9c6b-62827377cc52,Divergent,Veronica Roth,2014,Fiction
19ec7ab5-0dbb-4cd2-90dd-ff1ab5bd90b7,Divergent / Insurgent,Veronica Roth,2014,Fiction
990b3586-083a-4f88-97df-3c63edfbc08b,"Divine Soul Mind Body Healing and Transmission System: The Divine Way to Heal You, Humanity, Mother Earth, and All…",Zhi Gang Sha,2009,Non Fiction
94d6f808-7d58-4143-98c1-bd182f495d7b,Doctor Sleep: A Novel,Stephen King,2013,Fiction
f3a482a1-b54b-418e-a212-db43623b3ac2,"Dog Days (Diary of a Wimpy Kid, Book 4) (Volume 4)",Jeff Kinney,2009,Fiction
a46a7b05-cfe7-40fb-95bd-e96fd511e0fb,Dog Man and Cat Kid: From the Creator of Captain Underpants (Dog Man #4),Dav Pilkey,2018,Fiction
ed7f03e9-da13-4df8-8bb3-92942bd4a5b9,Dog Man: A Tale of Two Kitties: From the Creator of Captain Underpants (Dog Man #3),Dav Pilkey,2017,Fiction
5c851d83-90fb-493b-a24e-cb7767cb6ade,Dog Man: Brawl of the Wild: From the Creator of Captain Underpants (Dog Man #6),Dav Pilkey,2018,Fiction
37594402-6d77-4be2-9543-4408e0e2db37,Dog Man: Brawl of the Wild: From the Creator of Captain Underpants (Dog Man #6),Dav Pilkey,2019,Fiction
d2b352a7-8979-4883-af97-7da1175aec95,Dog Man: Fetch-22: From the Creator of Captain Underpants (Dog Man #8),Dav Pilkey,2019,Fiction
d82dd291-38e0-4984-9854-f362cc40870d,Dog Man: For Whom the Ball Rolls: From the Creator of Captain Underpants (Dog Man #7),Dav Pilkey,2019,Fiction
8d6756af-83b0-4f43-b5f7-1a517e697b30,Dog Man: Lord of the Fleas: From the Creator of Captain Underpants (Dog Man #5),Dav Pilkey,2018,Fiction
967894c3-090d-47b7-81f5-8d94c1d6eaed,Double Down (Diary of a Wimpy Kid #11),Jeff Kinney,2016,Fiction
ba8fd28c-5e40-4e64-82a5-2caf557ab80c,Dover Creative Haven Art Nouveau Animal Designs Coloring Book (Creative Haven Coloring Books),Marty Noble,2015,Non Fiction
124f8b78-58d2-4c1f-b85b-b8ed6718d4ff,Drive: The Surprising Truth About What Motivates Us,Daniel H. Pink,2010,Non Fiction
11d73c25-def3-4a51-b654-4d55736733a2,Eat This Not That! Supermarket Survival Guide: The No-Diet Weight Loss Solution,David Zinczenko,2009,Non Fiction
961106f9-5a38-4878-8508-deccb6e87d4c,"Eat This, Not That! Thousands of Simple Food Swaps that Can Save You 10, 20, 30 Pounds--or More!",David Zinczenko,2009,Non Fiction
053eb72f-072f-4aef-a836-35fcf90e6313,"Eat to Live: The Amazing Nutrient-Rich Program for Fast and Sustained Weight Loss, Revised Edition",Joel Fuhrman MD,2011,Non Fiction
f5785083-89c9-48b9-b3aa-46cebc986247,"Eat to Live: The Amazing Nutrient-Rich Program for Fast and Sustained Weight Loss, Revised Edition",Joel Fuhrman MD,2012,Non Fiction
c3952211-2bb7-4434-95c7-981e49a2d876,Eclipse (Twilight Sagas),Stephenie Meyer,2009,Fiction
0205969f-392b-43a8-ba81-57d4d229d2f4,Eclipse (Twilight),Stephenie Meyer,2009,Fiction
4c695724-abd8-4900-b7bd-8534b1d8ed3d,Educated: A Memoir,Tara Westover,2018,Non Fiction
79b1fbfb-1e1c-4c9f-91ae-bb45c220f6bd,Educated: A Memoir,Tara Westover,2019,Non Fiction
6b371c2b-0afc-4249-b48c-d61dc3113d64,"Enchanted Forest: An Inky Quest and Coloring book (Activity Books, Mindfulness and Meditation, Illustrated Floral Prints…",Johanna Basford,2015,Non Fiction
50d3c128-49e4-430a-87a2-69b78a88966d,Fahrenheit 451,Ray Bradbury,2016,Fiction
34e77031-d9a1-4703-9854-ef25ccf3d377,Fahrenheit 451,Ray Bradbury,2018,Fiction
05469e29-585f-40f4-908a-83b26a98d8da,Fantastic Beasts and Where to Find Them: The Original Screenplay (Harry Potter),J.K. Rowling,2016,Fiction
f88f515d-def7-4f81-b4c9-79b4e5077d56,Fear: Trump in the White House,Bob Woodward,2018,Non Fiction
3d729511-55f4-4bae-9d98-169e868b3c19,Fifty Shades Darker,E L James,2012,Fiction
7cd998b1-3da6-40bb-853e-d89ff1c5f330,Fifty Shades Freed: Book Three of the Fifty Shades Trilogy (Fifty Shades of Grey Series) (English Edition),E L James,2012,Fiction
78e81ab2-4e83-457d-afee-16a98231e8fa,Fifty Shades of Grey: Book One of the Fifty Shades Trilogy (Fifty Shades of Grey Series),E L James,2012,Fiction
c698beaa-e483-43e1-92e9-9a748c2e6f72,Fifty Shades of Grey: Book One of the Fifty Shades Trilogy (Fifty Shades of Grey Series),E L James,2013,Fiction
3db6a93a-7ddb-4b78-8b86-d15877511082,Fifty Shades Trilogy (Fifty Shades of Grey / Fifty Shades Darker / Fifty Shades Freed),E L James,2012,Fiction
dcb41307-2c88-4b10-9aa1-99bf0da72924,Fire and Fury: Inside the Trump White House,Michael Wolff,2018,Non Fiction
915bf13e-1426-4499-8e3b-6015318e43a2,First 100 Words,Roger Priddy,2014,Non Fiction
b758bfa9-5b76-4b62-9477-a0946b2abaf8,First 100 Words,Roger Priddy,2015,Non Fiction
ce73e4b5-9900-4ecb-af6b-8535a23e2a06,First 100 Words,Roger Priddy,2016,Non Fiction
afa4ad05-4c4e-4145-bd0d-2ee95b614410,First 100 Words,Roger Priddy,2017,Non Fiction
a77facd3-5219-443e-aabb-a3a527378f70,First 100 Words,Roger Priddy,2018,Non Fiction
6269c000-f350-4fca-a1ab-7635a5cab465,Food Rules: An Eater's Manual,Michael Pollan,2010,Non Fiction
be4288cd-72af-460c-a892-88947fd01f42,Frozen (Little Golden Book),RH Disney,2014,Fiction
7f7d0f21-0682-40b2-ad7f-36f5885e72df,"Game Change: Obama and the Clintons, McCain and Palin, and the Race of a Lifetime",John Heilemann,2010,Non Fiction
43c15791-509d-42a5-b593-6751c5878429,Game of Thrones Boxed Set: A Game of Thrones/A Clash of Kings/A Storm of Swords/A Feast for Crows,George R.R. Martin,2011,Fiction
72285ef9-d7df-48b2-85b6-f355e3d8637e,Game of Thrones Boxed Set: A Game of Thrones/A Clash of Kings/A Storm of Swords/A Feast for Crows,George R.R. Martin,2012,Fiction
0ec9863a-5972-4123-8438-506aacd2bf39,Game of Thrones Boxed Set: A Game of Thrones/A Clash of Kings/A Storm of Swords/A Feast for Crows,George R.R. Martin,2013,Fiction
72a8e5b3-346f-4d5f-b836-f20de8f2bfa0,George Washington's Sacred Fire,Peter A. Lillback,2010,Non Fiction
70e6c532-f079-48d7-8f87-b1d2457f0a23,George Washington's Secret Six: The Spy Ring That Saved the American Revolution,Brian Kilmeade,2013,Non Fiction
91ba913b-bc5d-4a2a-b30f-0abde15412f6,Giraffes Can't Dance,Giles Andreae,2015,Fiction
1bdb94a5-9aca-4210-8f24-56e714a8b244,Giraffes Can't Dance,Giles Andreae,2016,Fiction
cffcfa94-7e6e-41aa-bf23-9a50a6acd83a,Giraffes Can't Dance,Giles Andreae,2017,Fiction
cf1dc132-2590-455f-a257-77d310af10db,Giraffes Can't Dance,Giles Andreae,2018,Fiction
26b7c938-bef9-4322-ab59-5b9ea3d552ee,Giraffes Can't Dance,Giles Andreae,2019,Fiction
901207fd-e451-4e11-bed8-d0793e6833c5,"Girl, Stop Apologizing: A Shame-Free Plan for Embracing and Achieving Your Goals",Rachel Hollis,2019,Non Fiction
06245b2a-2ba1-4dd0-a57b-a45f9f35f2d4,"Girl, Wash Your Face: Stop Believing the Lies About Who You Are So You Can Become Who You Were Meant to Be",Rachel Hollis,2018,Non Fiction
b57bed86-d1d2-4832-ae8e-3ec09aa89c13,"Girl, Wash Your Face: Stop Believing the Lies About Who You Are So You Can Become Who You Were Meant to Be",Rachel Hollis,2019,Non Fiction
64384228-3284-48c5-bfd7-a38620d86fc5,"Glenn Beck's Common Sense: The Case Against an Out-of-Control Government, Inspired by Thomas Paine",Glenn Beck,2009,Non Fiction
a1bfa187-9e7a-4a23-8bb5-fdf187604b2a,Go Set a Watchman: A Novel,Harper Lee,2015,Fiction
59bc5703-0b8d-4d6b-98a9-4016c52b86df,Go the F**k to Sleep,Adam Mansbach,2011,Fiction
6013493d-d39c-4714-930e-d981aa070f0d,Going Rogue: An American Life,Sarah Palin,2009,Non Fiction
81a80ef8-c4f8-4fe0-a236-9cb92389a5e1,Gone Girl,Gillian Flynn,2012,Fiction
1a2fd336-9a2f-408f-9fb7-8c5d9eca97f4,Gone Girl,Gillian Flynn,2013,Fiction
1615b830-9ec0-4a23-8f3c-6175f2fdfb2c,Gone Girl,Gillian Flynn,2014,Fiction
8cc2dd9c-e654-4a23-b3ba-32128e758e61,Good Days Start With Gratitude: A 52 Week Guide To Cultivate An Attitude Of Gratitude: Gratitude Journal,Pretty Simple Press,2019,Non Fiction
20e3355c-026d-422d-bc8f-729a4006e017,Good to Great: Why Some Companies Make the Leap and Others Don't,Jim Collins,2009,Non Fiction
92d7aad1-6a79-48bf-a8a5-1da37efc6634,Good to Great: Why Some Companies Make the Leap and Others Don't,Jim Collins,2010,Non Fiction
a645761d-7248-47b0-8e30-323ea7060996,Good to Great: Why Some Companies Make the Leap and Others Don't,Jim Collins,2011,Non Fiction
3ed311be-b111-4c79-8c1d-b30814a5b615,Good to Great: Why Some Companies Make the Leap and Others Don't,Jim Collins,2012,Non Fiction
a0b4ba61-9cba-4fb6-9d70-d13fce470c02,Goodnight Moon,Margaret Wise Brown,2017,Fiction
467ff687-8e25-452d-be42-1c8c53568b77,Goodnight Moon,Margaret Wise Brown,2018,Fiction
9e4a16c5-4a2d-4c43-8099-38c4f0b36bb3,Goodnight Moon,Margaret Wise Brown,2019,Fiction
251c3783-eef4-4181-b368-0fef7d210bc9,"Goodnight, Goodnight Construction Site (Hardcover Books for Toddlers, Preschool Books for Kids)",Sherri Duskey Rinker,2012,Fiction
b1ec2fa9-e619-4687-a1a4-2de30d52dc16,"Goodnight, Goodnight Construction Site (Hardcover Books for Toddlers, Preschool Books for Kids)",Sherri Duskey Rinker,2013,Fiction
62df5ff9-f8bd-4e08-834a-13a7d6f9d626,"Grain Brain: The Surprising Truth about Wheat, Carbs, and Sugar--Your Brain's Silent Killers",David Perlmutter MD,2014,Non Fiction
64325ad9-6687-4c10-a5e1-b15d6fcfe8a6,Grey: Fifty Shades of Grey as Told by Christian (Fifty Shades of Grey Series),E L James,2015,Fiction
edfa90d2-a5da-4af8-b4ba-16e52b057747,Guts,Raina Telgemeier,2019,Non Fiction
b9f19573-8fce-4dc2-bb42-a2f286a2f231,Hamilton: The Revolution,Lin-Manuel Miranda,2016,Non Fiction
43996d74-cea4-4699-9eeb-669e23f5c1cb,"Happy, Happy, Happy: My Life and Legacy as the Duck Commander",Phil Robertson,2013,Non Fiction
84f9d23d-58eb-4fb1-b3e8-2f07554e3c38,"Harry Potter and the Chamber of Secrets: The Illustrated Edition (Harry Potter, Book 2)",J.K. Rowling,2016,Fiction
d19fc3cd-76bc-432c-ad62-e5f79a38745a,"Harry Potter and the Cursed Child, Parts 1 & 2, Special Rehearsal Edition Script",J.K. Rowling,2016,Fiction
a24ec052-919c-4a20-9e47-45e2b8798989,"Harry Potter and the Goblet of Fire: The Illustrated Edition (Harry Potter, Book 4) (4)",J. K. Rowling,2019,Fiction
7d7b5a51-be88-4345-8f8c-12999ce95923,"Harry Potter and the Prisoner of Azkaban: The Illustrated Edition (Harry Potter, Book 3)",J.K. Rowling,2017,Fiction
4b513347-c915-4c64-90e0-ef9e2a0760d5,"Harry Potter and the Sorcerer's Stone: The Illustrated Edition (Harry Potter, Book 1)",J.K. Rowling,2016,Fiction
8c58ff79-8b93-48ea-a125-6038ac034ad6,Harry Potter Coloring Book,Scholastic,2015,Non Fiction
771b0f53-d6f6-4ff5-96ac-09f5dff5aadc,Harry Potter Paperback Box Set (Books 1-7),J. K. Rowling,2016,Fiction
5bc3f94d-5427-4d91-acc7-c4cdc512ca6e,Have a Little Faith: A True Story,Mitch Albom,2009,Non Fiction
48a062e3-cc16-4e8a-8690-8202e6bc35e6,Heaven is for Real: A Little Boy's Astounding Story of His Trip to Heaven and Back,Todd Burpo,2011,Non Fiction
8968a852-f114-4bfb-9b83-ab98a39f7400,Heaven is for Real: A Little Boy's Astounding Story of His Trip to Heaven and Back,Todd Burpo,2012,Non Fiction
59eecd00-f532-437e-9418-83bf7cdda51f,Hillbilly Elegy: A Memoir of a Family and Culture in Crisis,J. D. Vance,2016,Non Fiction
755da084-4075-49dc-8bcc-9d6375bac20e,Hillbilly Elegy: A Memoir of a Family and Culture in Crisis,J. D. Vance,2017,Non Fiction
f33fdc77-32fe-4071-b115-6f6dc8b30ff2,Homebody: A Guide to Creating Spaces You Never Want to Leave,Joanna Gaines,2018,Non Fiction
f9f55717-ad84-43e9-8bc6-a29f3627334b,How to Win Friends & Influence People,Dale Carnegie,2014,Non Fiction
2ed171d8-0022-4231-914a-32f52c8d66bc,How to Win Friends & Influence People,Dale Carnegie,2015,Non Fiction
96465aee-cf50-445a-bebc-8c14dcbf336a,How to Win Friends & Influence People,Dale Carnegie,2016,Non Fiction
ed7ee5dd-039c-464c-9593-84a29729fe63,How to Win Friends & Influence People,Dale Carnegie,2017,Non Fiction
791018ca-66e9-4ac1-9762-aa4611e9b4c5,How to Win Friends & Influence People,Dale Carnegie,2018,Non Fiction
6c2e1b25-f30c-4c89-8499-0445a0c84fda,Howard Stern Comes Again,Howard Stern,2019,Non Fiction
f95f2bc7-7114-4a6f-a267-89f2f7f77ce7,Humans of New York,Brandon Stanton,2013,Non Fiction
0189c223-1f3d-4b55-ad70-a7443cb64406,Humans of New York,Brandon Stanton,2014,Non Fiction
4e1ad2b3-cd7e-4f02-8125-cf5a9a13e544,Humans of New York : Stories,Brandon Stanton,2015,Non Fiction
893e990f-719a-4b14-ae2d-ab184063bfcd,"Hyperbole and a Half: Unfortunate Situations, Flawed Coping Mechanisms, Mayhem, and Other Things That Happened",Allie Brosh,2013,Non Fiction
4ed83ed2-b3e0-4c8d-b9d7-1483334fed00,"I Am Confident, Brave & Beautiful: A Coloring Book for Girls",Hopscotch Girls,2019,Non Fiction
779602cb-df53-4330-8eb7-ef8affea45e8,"I, Alex Cross",James Patterson,2009,Fiction
7f82fa61-36a8-4e3e-b5a9-58581daa6593,If Animals Kissed Good Night,Ann Whitford Paul,2017,Fiction
ea297f23-7d12-4699-8c04-51875cfcccd0,If Animals Kissed Good Night,Ann Whitford Paul,2019,Fiction
ade615f5-4974-4477-9e1d-e2851f784093,If I Stay,Gayle Forman,2014,Fiction
95cbb998-8a9e-4245-96be-72a11f7d0dd2,"In the Garden of Beasts: Love, Terror, and an American Family in Hitler's Berlin",Eric Larson,2011,Non Fiction
e4086f67-66e9-4b12-84f5-633ecf7a72e5,Inferno,Dan Brown,2013,Fiction
cfcd7e0e-d065-45d0-8423-80ab963e7942,Inheritance: Book IV (Inheritance Cycle),Christopher Paolini,2011,Fiction
34350b07-74b2-4f2d-9c2b-f9116c4261a5,Instant Pot Pressure Cooker Cookbook: 500 Everyday Recipes for Beginners and Advanced Users. Try Easy and Healthy…,Jennifer Smith,2019,Non Fiction
aa610fc6-226e-4317-9dc6-dbe5ce315737,Instant Pot Pressure Cooker Cookbook: 500 Everyday Recipes for Beginners and Advanced Users. Try Easy and Healthy…,Jennifer Smith,2018,Non Fiction
79621565-f2dc-46e8-821d-bdbc86a480d9,It's Not Supposed to Be This Way: Finding Unexpected Strength When Disappointments Leave You Shattered,Lysa TerKeurst,2019,Non Fiction
3f9f347f-6c25-43f2-bda5-19e5802fefd6,Jesus Calling: Enjoying Peace in His Presence (with Scripture References),Sarah Young,2011,Non Fiction
f3c0745a-b866-4c8d-bf34-d18490de4f2e,Jesus Calling: Enjoying Peace in His Presence (with Scripture References),Sarah Young,2012,Non Fiction
1491395c-b4a6-42d8-b68e-8d1c153784b8,Jesus Calling: Enjoying Peace in His Presence (with Scripture References),Sarah Young,2013,Non Fiction
097bf3ed-95f3-453e-9111-e6d1d9bab22a,Jesus Calling: Enjoying Peace in His Presence (with Scripture References),Sarah Young,2014,Non Fiction
aaebf21c-323a-473d-8c85-5646e504176b,Jesus Calling: Enjoying Peace in His Presence (with Scripture References),Sarah Young,2015,Non Fiction
83986a9d-0801-4730-a950-280f69e62bba,Jesus Calling: Enjoying Peace in His Presence (with Scripture References),Sarah Young,2016,Non Fiction
3b825e99-91de-426e-ab25-1a7dd23c230c,JOURNEY TO THE ICE P,RH Disney,2014,Fiction
2a63a603-5f64-4a7c-b9fe-8d3b1dea0ae7,Joyland (Hard Case Crime),Stephen King,2013,Fiction
2b39796f-283f-4da5-a312-ff05a5bbc4b7,Killers of the Flower Moon: The Osage Murders and the Birth of the FBI,David Grann,2017,Non Fiction
52273eb8-bf89-46b0-83d0-4d0ac273337d,Killing Jesus (Bill O'Reilly's Killing Series),Bill O'Reilly,2013,Non Fiction
707786de-4507-44a9-99f8-5435041695f8,Killing Kennedy: The End of Camelot,Bill O'Reilly,2012,Non Fiction
63459a75-2d8c-4b4e-8e4e-b62c5f27547f,Killing Lincoln: The Shocking Assassination that Changed America Forever (Bill O'Reilly's Killing Series),Bill O'Reilly,2011,Non Fiction
da7bc449-3a90-4072-8b86-11818347a17c,Killing Lincoln: The Shocking Assassination that Changed America Forever (Bill O'Reilly's Killing Series),Bill O'Reilly,2012,Non Fiction
ac9e24fc-0563-47db-97f7-24a7d22b4d56,Killing Patton: The Strange Death of World War II's Most Audacious General (Bill O'Reilly's Killing Series),Bill O'Reilly,2014,Non Fiction
2a6172b2-4d52-438e-968f-b1af21de1c6b,Killing Reagan: The Violent Assault That Changed a Presidency (Bill O'Reilly's Killing Series),Bill O'Reilly,2015,Non Fiction
f8c61bb9-6687-4f5e-92be-8110225393cd,Killing the Rising Sun: How America Vanquished World War II Japan (Bill O'Reilly's Killing Series),Bill O'Reilly,2016,Non Fiction
0f24bcf9-ce18-495c-a7d5-14129531eae3,Kitchen Confidential Updated Edition: Adventures in the Culinary Underbelly (P.S.),Anthony Bourdain,2018,Non Fiction
1e97c841-4928-4aa6-9f4e-ad35d8bb7187,Knock-Knock Jokes for Kids,Rob Elliott,2013,Non Fiction
79fea8b2-d7ed-44e0-99cc-addd302ccd34,Knock-Knock Jokes for Kids,Rob Elliott,2014,Non Fiction
ad5f2dbf-67bb-44be-ae3d-546fbb6f1770,Knock-Knock Jokes for Kids,Rob Elliott,2015,Non Fiction
9c8fd92f-4548-4afb-a6d9-8fc829a3631e,"Last Week Tonight with John Oliver Presents A Day in the Life of Marlon Bundo (Better Bundo Book, LGBT Childrens Book)",Jill Twiss,2018,Fiction
26c8eede-c415-42a4-bc38-2b4db1209f07,Laugh-Out-Loud Jokes for Kids,Rob Elliott,2013,Non Fiction
459d2d91-00ce-49f8-9379-1d8752f0c7e8,Laugh-Out-Loud Jokes for Kids,Rob Elliott,2014,Non Fiction
adb485d9-9fe6-485e-9d28-15fa16d4e5c8,Laugh-Out-Loud Jokes for Kids,Rob Elliott,2015,Non Fiction
ebb84a04-b0c0-401d-af41-cc61448bacf1,Laugh-Out-Loud Jokes for Kids,Rob Elliott,2016,Non Fiction
2b88d74b-b396-4874-801e-7a5f32b4aebb,Laugh-Out-Loud Jokes for Kids,Rob Elliott,2017,Non Fiction
4447be8a-4262-47f8-93ac-137d3cf94fb9,"Lean In: Women, Work, and the Will to Lead",Sheryl Sandberg,2013,Non Fiction
fb777655-a548-4a29-beff-fe134a9a2e47,Leonardo da Vinci,Walter Isaacson,2017,Non Fiction
7bb2fee5-e2c8-469c-b5d4-27e6e6279a9d,Lettering and Modern Calligraphy: A Beginner's Guide: Learn Hand Lettering and Brush Lettering,Paper Peony Press,2018,Non Fiction
b72bc46f-e1d1-45d2-9cc4-2cfb7f67f6d2,Liberty and Tyranny: A Conservative Manifesto,Mark R. Levin,2009,Non Fiction
54909561-867f-470c-a9cc-121a8a48bd70,Life,Keith Richards,2010,Non Fiction
11d20aed-535a-46db-8b37-5ac8c4a8aa0c,Little Bee: A Novel,Chris Cleave,2010,Fiction
d799cabf-84dd-40ec-84ea-22d551f7aefb,Little Blue Truck,Alice Schertle,2014,Fiction
e87bf336-3127-4327-ab46-7f56f52730a1,Little Fires Everywhere,Celeste Ng,2018,Fiction
9f137d23-bf3a-435b-8ed6-89d8f59238aa,Looking for Alaska,John Green,2014,Fiction
ec3e69b9-98dc-4d79-ae9e-382c81839559,"Love Wins: A Book About Heaven, Hell, and the Fate of Every Person Who Ever Lived",Rob Bell,2011,Non Fiction
d930271c-7b4f-4e1e-997c-6da4da1db787,Love You Forever,Robert Munsch,2014,Fiction
768144bc-551c-4da2-97dd-aec69d1941b6,Love You Forever,Robert Munsch,2015,Fiction
b7d1b0e0-6d71-49da-be1d-a50cd8b4eb4b,Magnolia Table: A Collection of Recipes for Gathering,Joanna Gaines,2018,Non Fiction
4c6e185e-aa8b-432e-959f-ef9add4c8ad3,Make It Ahead: A Barefoot Contessa Cookbook,Ina Garten,2014,Non Fiction
0cd6dc63-cc0d-40d4-9325-c220412cc609,Make Your Bed: Little Things That Can Change Your Life...And Maybe the World,Admiral William H. McRaven,2017,Non Fiction
f54eb550-c45d-4159-b878-6ec87f7cbbf6,"Mastering the Art of French Cooking, Vol. 2",Julia Child,2009,Non Fiction
0cc6e155-8070-4506-9a8d-cad69c9dbfe1,Milk and Honey,Rupi Kaur,2016,Non Fiction
ae53efbf-c05c-4ab2-a270-7ca2151fc3bc,Milk and Honey,Rupi Kaur,2017,Non Fiction
ada65111-edc2-43c7-8ab8-19421fb40804,Milk and Honey,Rupi Kaur,2018,Non Fiction
fbd09d08-5fb3-46e9-b207-40233e9340ec,Milk and Vine: Inspirational Quotes From Classic Vines,Adam Gasiewski,2017,Non Fiction
17f9ef35-b3ea-4812-89be-1cd1079d8264,Mindset: The New Psychology of Success,Carol S. Dweck,2014,Non Fiction
ac1af3ac-78e2-484b-a5db-08b6887a053e,Mindset: The New Psychology of Success,Carol S. Dweck,2015,Non Fiction
8a6a9492-46b4-4368-983e-5dedf98ea605,Mindset: The New Psychology of Success,Carol S. Dweck,2016,Non Fiction
ddcc3d29-4dca-4fcb-b181-c1e49b075529,Mockingjay (The Hunger Games),Suzanne Collins,2010,Fiction
c3461af6-1d6e-40b6-b4a4-be8550320817,Mockingjay (The Hunger Games),Suzanne Collins,2011,Fiction
69cb40a1-3d69-425d-ae78-abf223009f20,Mockingjay (The Hunger Games),Suzanne Collins,2012,Fiction
913a39fb-37f4-4e22-80e4-2955ce5e7458,"National Geographic Kids Why?: Over 1,111 Answers to Everything",Crispin Boyer,2019,Non Fiction
708b01c2-95ee-4c8e-b907-e3238d4d4e28,National Geographic Little Kids First Big Book of Why (National Geographic Little Kids First Big Books),Amy Shields,2019,Non Fiction
04797573-27b3-4cf8-9fa0-bbbcbc391b4e,New Moon (The Twilight Saga),Stephenie Meyer,2009,Fiction
a9f58f4c-7b97-490a-ac7a-f3e186c55d59,Night (Night),Elie Wiesel,2016,Non Fiction
ec995fe5-43c2-464e-9d21-9b697f44510d,No Easy Day: The Autobiography of a Navy Seal: The Firsthand Account of the Mission That Killed Osama Bin Laden,Mark Owen,2012,Non Fiction
4697efe6-731a-4e79-b8d9-17bda787a3cc,Obama: An Intimate Portrait,Pete Souza,2017,Non Fiction
bcda9d32-be5e-4490-aac5-0d789deec073,"Oh, the Places You'll Go!",Dr. Seuss,2012,Fiction
f5df6e2e-e060-458a-8e75-fb3edbf5619b,"Oh, the Places You'll Go!",Dr. Seuss,2013,Fiction
ce66f36b-190d-4674-9aad-47d1205124b6,"Oh, the Places You'll Go!",Dr. Seuss,2014,Fiction
6bf26c9f-252d-4387-941b-303ae5b737e9,"Oh, the Places You'll Go!",Dr. Seuss,2015,Fiction
c3925c2e-b9f8-4515-a6e6-0857719bfdf1,"Oh, the Places You'll Go!",Dr. Seuss,2016,Fiction
23d764a3-0e71-49ff-b730-40845b26c16f,"Oh, the Places You'll Go!",Dr. Seuss,2017,Fiction
0b7a121a-eb80-4b2a-9a97-96859239e921,"Oh, the Places You'll Go!",Dr. Seuss,2018,Fiction
fd8f654d-609c-4ccf-9d36-7ab54409e084,"Oh, the Places You'll Go!",Dr. Seuss,2019,Fiction
7acb2be5-a87a-4260-b47c-f48895cbc5a0,Old School (Diary of a Wimpy Kid #10),Jeff Kinney,2015,Fiction
a2d9ac24-ef37-4244-ac75-7c67c5b8cd60,Olive Kitteridge,Elizabeth Strout,2009,Fiction
fae713dc-19e7-4c6c-9799-8f2b6ad6621f,One Thousand Gifts: A Dare to Live Fully Right Where You Are,Ann Voskamp,2011,Non Fiction
175e8c00-b5ef-4351-aa11-5b5c5a37b976,One Thousand Gifts: A Dare to Live Fully Right Where You Are,Ann Voskamp,2012,Non Fiction
6c207c3a-6a54-48aa-afae-8f4c7c1d55ad,"Option B: Facing Adversity, Building Resilience, and Finding Joy",Sheryl Sandberg,2017,Non Fiction
c7544015-9add-4de4-83a5-7e5007e4d585,Origin: A Novel (Robert Langdon),Dan Brown,2017,Fiction
d2947ea4-4598-4541-870f-7b0bf5e29e30,Orphan Train,Christina Baker Kline,2014,Fiction
1fa64e10-1d79-4796-91ef-509f9eed8749,Outliers: The Story of Success,Malcolm Gladwell,2009,Non Fiction
a8157d3f-6337-4fe3-8fea-c0bf87371500,Outliers: The Story of Success,Malcolm Gladwell,2010,Non Fiction
68a1ec7c-dbb4-41b7-ac43-8b760add2f41,P is for Potty! (Sesame Street) (Lift-the-Flap),Naomi Kleinberg,2018,Non Fiction
c40cad61-9fd2-4689-83b3-0ca4a1f7d45f,P is for Potty! (Sesame Street) (Lift-the-Flap),Naomi Kleinberg,2019,Non Fiction
00be9e61-92f7-4685-91da-e84ebb9d8915,Percy Jackson and the Olympians Paperback Boxed Set (Books 1-3),Rick Riordan,2010,Fiction
1a9dbbe3-17b1-4830-831d-3645759d15ca,Player's Handbook (Dungeons & Dragons),Wizards RPG Team,2017,Fiction
f146d533-d8ec-4c8f-a2e5-c1cae62ab18c,Player's Handbook (Dungeons & Dragons),Wizards RPG Team,2018,Fiction
87f43d94-31f3-41d5-bb37-aca118ad47fc,Player's Handbook (Dungeons & Dragons),Wizards RPG Team,2019,Fiction
5d0b2a0c-582d-46a6-b475-78a7cf444c19,Pokémon Deluxe Essential Handbook: The Need-to-Know Stats and Facts on Over 700 Pokémon,Scholastic,2016,Fiction
d0de2855-c3fa-43e7-9e0a-45a3a86e8421,Proof of Heaven: A Neurosurgeon's Journey into the Afterlife,Eben Alexander,2012,Non Fiction
1f99b543-1636-4455-bb79-7df3f5cf14b3,Proof of Heaven: A Neurosurgeon's Journey into the Afterlife,Eben Alexander,2013,Non Fiction
537da05f-e766-4c84-a334-946ef4973264,"Publication Manual of the American Psychological Association, 6th Edition",American Psychological Association,2009,Non Fiction
ef407ddc-1031-45c9-ac08-55f1b269d065,"Publication Manual of the American Psychological Association, 6th Edition",American Psychological Association,2010,Non Fiction
c727e7bf-68fd-4401-94bf-e4e8ec573f97,"Publication Manual of the American Psychological Association, 6th Edition",American Psychological Association,2011,Non Fiction
0a072d44-35bf-4b35-9c71-e662ed7bf8e7,"Publication Manual of the American Psychological Association, 6th Edition",American Psychological Association,2012,Non Fiction
9e743202-5b54-442d-a1b3-5f6e07fe7709,"Publication Manual of the American Psychological Association, 6th Edition",American Psychological Association,2013,Non Fiction
6fc457dd-e0c2-42f0-a3b3-d9f23c7e380a,"Publication Manual of the American Psychological Association, 6th Edition",American Psychological Association,2014,Non Fiction
0153cbc7-7ffd-430b-a0d0-bedeea18f853,"Publication Manual of the American Psychological Association, 6th Edition",American Psychological Association,2015,Non Fiction
bb34c683-76df-485e-b64c-d419bbd9120b,"Publication Manual of the American Psychological Association, 6th Edition",American Psychological Association,2016,Non Fiction
146de504-ff7c-4b80-9d98-7cc683abf04c,"Publication Manual of the American Psychological Association, 6th Edition",American Psychological Association,2017,Non Fiction
ca685d78-e361-4a99-8961-04f49388283b,"Publication Manual of the American Psychological Association, 6th Edition",American Psychological Association,2018,Non Fiction
88f30a83-6507-47e8-8a75-00dc53222473,Puppy Birthday to You! (Paw Patrol) (Little Golden Book),Golden Books,2017,Fiction
dea964f5-e1d5-4ed9-a0fa-ac73f3db8f16,Quiet: The Power of Introverts in a World That Can't Stop Talking,Susan Cain,2012,Non Fiction
8ef01552-622c-490d-9a2d-81d54107f956,Quiet: The Power of Introverts in a World That Can't Stop Talking,Susan Cain,2013,Non Fiction
0da0e7fc-72c3-4d22-932c-6dba5c8facfd,Radical: Taking Back Your Faith from the American Dream,David Platt,2010,Non Fiction
cfc0e3bc-e79f-484c-9dfe-d04b78c649b1,Radical: Taking Back Your Faith from the American Dream,David Platt,2011,Non Fiction
3e7dedfa-373d-4d49-a7f8-d569849ae594,Ready Player One: A Novel,Ernest Cline,2017,Fiction
082c83ae-b669-4501-a5f6-867085e7930c,Ready Player One: A Novel,Ernest Cline,2018,Fiction
3b8d89f0-75dc-48da-b6aa-cf1d5e0d4193,Rush Revere and the Brave Pilgrims: Time-Travel Adventures with Exceptional Americans (1),Rush Limbaugh,2013,Fiction
f1499d85-99b9-4700-aff2-46044e923e15,Rush Revere and the First Patriots: Time-Travel Adventures With Exceptional Americans (2),Rush Limbaugh,2014,Fiction
3b7b33aa-d8a1-4066-8747-d898986cc317,"Salt, Fat, Acid, Heat: Mastering the Elements of Good Cooking",Samin Nosrat,2018,Non Fiction
e6cf5abf-fb1e-4cb1-a895-43cd78516835,"Salt, Fat, Acid, Heat: Mastering the Elements of Good Cooking",Samin Nosrat,2019,Non Fiction
7f117dfa-1062-4ad3-960d-a9ae4f2c8dcb,Sarah's Key,Tatiana de Rosnay,2010,Fiction
a8f5c758-3cef-47d2-bce9-3701150b3dce,"School Zone - Big Preschool Workbook - Ages 4 and Up, Colors, Shapes, Numbers 1-10, Alphabet, Pre-Writing, Pre-Reading…",School Zone,2018,Non Fiction
fbdd3d1c-9685-4d9f-ab47-43702c4cf59f,"School Zone - Big Preschool Workbook - Ages 4 and Up, Colors, Shapes, Numbers 1-10, Alphabet, Pre-Writing, Pre-Reading…",School Zone,2019,Non Fiction
6c56fba3-6de1-4a52-b987-75bd93491350,"Secret Garden: An Inky Treasure Hunt and Coloring Book (For Adults, mindfulness coloring)",Johanna Basford,2015,Non Fiction
0bd56eec-d8af-4a4b-b44e-dc31b3ce23ae,Sh*t My Dad Says,Justin Halpern,2010,Non Fiction
170ea1e1-afa8-43bc-8bee-d4e2939751d8,Ship of Fools: How a Selfish Ruling Class Is Bringing America to the Brink of Revolution,Tucker Carlson,2018,Non Fiction
63ff3cc1-4356-4cea-8bbd-6e659dad2e33,Shred: The Revolutionary Diet: 6 Weeks 4 Inches 2 Sizes,Ian K. Smith M.D.,2013,Non Fiction
10e51267-56b5-48e9-a984-fee907f193b6,Sookie Stackhouse,Charlaine Harris,2009,Fiction
91063dfd-c017-47d2-91fd-c615b45bc991,"Soul Healing Miracles: Ancient and New Sacred Wisdom, Knowledge, and Practical Techniques for Healing the Spiritual…",Zhi Gang Sha,2013,Non Fiction
682b9ae5-cf41-4ff7-bd1a-6fecf0d4cb0a,Steve Jobs,Walter Isaacson,2011,Non Fiction
592d41f4-3e97-4954-8754-fe98cd20b587,Steve Jobs,Walter Isaacson,2012,Non Fiction
ef17f519-79fd-40c8-ba54-9d9e3bc2c5d5,Strange Planet (Strange Planet Series),Nathan W. Pyle,2019,Fiction
5d758c0c-3ed6-4f40-b66c-33a210d40fb9,StrengthsFinder 2.0,Gallup,2009,Non Fiction
94d318ef-b004-48af-bf44-31d4efae3274,StrengthsFinder 2.0,Gallup,2010,Non Fiction
3b0a5a08-159d-41c2-8322-f330d6056c9c,StrengthsFinder 2.0,Gallup,2011,Non Fiction
78732ec9-7d91-4692-8062-e6f99064d723,StrengthsFinder 2.0,Gallup,2012,Non Fiction
ee96e71f-2f98-438f-b18c-1ed47c59044f,StrengthsFinder 2.0,Gallup,2013,Non Fiction
894b7726-59cb-41a0-8f20-009751cbb514,StrengthsFinder 2.0,Gallup,2014,Non Fiction
9adb9767-346e-4c53-b6e1-fb01ac9ff8a5,StrengthsFinder 2.0,Gallup,2015,Non Fiction
5dd71b3f-e3cf-4766-9b3c-96c21eaede74,StrengthsFinder 2.0,Gallup,2016,Non Fiction
302d42b9-aa18-4493-ba39-fdf298406a73,StrengthsFinder 2.0,Gallup,2017,Non Fiction
1ec99232-40ae-475f-86e3-3f2dd2d35693,"Super Freakonomics: Global Cooling, Patriotic Prostitutes, and Why Suicide Bombers Should Buy Life Insurance",Steven D. Levitt,2009,Non Fiction
d52a9b47-2c6a-4094-8f2f-fd614645d375,Switch: How to Change Things When Change Is Hard,Chip Heath,2010,Non Fiction
d7badf18-eb6c-43f2-b74e-0b2db657c8ba,Sycamore Row (Jake Brigance),John Grisham,2013,Fiction
e1b45d11-1961-497e-b53f-faf8e99ecd0e,Teach Like a Champion: 49 Techniques that Put Students on the Path to College,Doug Lemov,2010,Non Fiction
43838901-dbc9-45a7-a5b1-bee3a6f591db,Teach Like a Champion: 49 Techniques that Put Students on the Path to College,Doug Lemov,2011,Non Fiction
18c30fdc-900b-4298-a13c-0fe78fd8ca90,The 17 Day Diet: A Doctor's Plan Designed for Rapid Results,Mike Moreno,2011,Non Fiction
cffbf227-3d5a-4256-bfa3-d76024d37a6e,"The 4 Hour Body: An Uncommon Guide to Rapid Fat Loss, Incredible Sex and Becoming Superhuman",Timothy Ferriss,2011,Non Fiction
a1c27d39-1cf6-4121-ad18-223d37d083c4,The 5 Love Languages: The Secret to Love That Lasts,Gary Chapman,2010,Non Fiction
775db098-05a1-4b7f-ab4a-ebcc4588da97,The 5 Love Languages: The Secret to Love That Lasts,Gary Chapman,2011,Non Fiction
ef97ff10-80d7-48dc-a16e-83c2f11f997e,The 5 Love Languages: The Secret to Love That Lasts,Gary Chapman,2012,Non Fiction
0d38bff9-7d73-40c5-91fe-51098aaeb6c6,The 5 Love Languages: The Secret to Love That Lasts,Gary Chapman,2013,Non Fiction
ec8e186a-a9e2-4b91-80b9-e1417da689c6,The 5 Love Languages: The Secret to Love That Lasts,Gary Chapman,2014,Non Fiction
c7f33d35-ca6a-42e7-adce-93e04ab410ae,The 5 Love Languages: The Secret to Love that Lasts,Gary Chapman,2015,Non Fiction
08f8e582-a022-4982-a366-1341865dc1f7,The 5 Love Languages: The Secret to Love that Lasts,Gary Chapman,2016,Non Fiction
c0f3986b-1bb5-4bf9-a2c2-a2ddea5c4a22,The 5 Love Languages: The Secret to Love that Lasts,Gary Chapman,2017,Non Fiction
ce723c32-47d4-425f-b142-96ddc285b2b5,The 5 Love Languages: The Secret to Love that Lasts,Gary Chapman,2018,Non Fiction
f6065998-3f21-4644-8e0a-336aa8efc207,The 5 Love Languages: The Secret to Love that Lasts,Gary Chapman,2019,Non Fiction
bb444eeb-04d8-4847-856f-4ccd85f2e23c,The 5000 Year Leap,W. Cleon Skousen,2009,Non Fiction
e9fa65b7-e16b-4ea2-b34a-11a1500905d4,The 7 Habits of Highly Effective People: Powerful Lessons in Personal Change,Stephen R. Covey,2009,Non Fiction
d011b1f2-3ced-4e4c-9bbd-8980eb9ce3d5,The 7 Habits of Highly Effective People: Powerful Lessons in Personal Change,Stephen R. Covey,2011,Non Fiction
8c1e0793-7000-4b3a-89fb-181883e2b650,The 7 Habits of Highly Effective People: Powerful Lessons in Personal Change,Stephen R. Covey,2012,Non Fiction
aab10c21-55af-4f9d-86f2-586119c61e2b,The 7 Habits of Highly Effective People: Powerful Lessons in Personal Change,Stephen R. Covey,2013,Non Fiction
08c12cef-26b9-44b2-a11a-c84b8bea0a8a,The 7 Habits of Highly Effective People: Powerful Lessons in Personal Change,Stephen R. Covey,2015,Non Fiction
6d1d5dac-5780-4772-b336-507a1a443d06,The 7 Habits of Highly Effective People: Powerful Lessons in Personal Change,Stephen R. Covey,2016,Non Fiction
eb2404e8-e432-401b-af01-6289bdeea166,The 7 Habits of Highly Effective People: Powerful Lessons in Personal Change,Stephen R. Covey,2017,Non Fiction
ff5717c0-374a-48e1-8894-2049359cdf33,The Alchemist,Paulo Coelho,2014,Fiction
e93b6b03-570c-4023-8a37-512c3db32f71,The Amateur,Edward Klein,2012,Non Fiction
86f9ad60-74e0-4113-bf50-71a5915d34ec,The Art of Racing in the Rain: A Novel,Garth Stein,2010,Fiction
a3255516-af29-4c36-972c-3a4ec59e00a4,The Art of Racing in the Rain: A Novel,Garth Stein,2011,Fiction
266dfaf9-84b7-426d-8ee5-b7adb50b8f33,The Big Short: Inside the Doomsday Machine,Michael Lewis,2010,Non Fiction
05c5efac-bf72-454d-a3aa-8ed41509ac2e,The Blood of Olympus (The Heroes of Olympus (5)),Rick Riordan,2014,Fiction
724bdbd3-c3c4-471a-9888-b8655c864641,"The Blood Sugar Solution: The UltraHealthy Program for Losing Weight, Preventing Disease, and Feeling Great Now!",Mark Hyman M.D.,2012,Non Fiction
cd04ea6e-aba2-47d7-8b73-cd9cdf178921,"The Body Keeps the Score: Brain, Mind, and Body in the Healing of Trauma",Bessel van der Kolk M.D.,2019,Non Fiction
016e86fa-e2fd-41ea-9bc8-364182372c63,The Book of Basketball: The NBA According to The Sports Guy,Bill Simmons,2009,Non Fiction
647f8578-b7e4-4149-8780-e2eca9a35dd4,The Book Thief,Markus Zusak,2013,Fiction
b061c0c4-f7e9-4fc6-a032-b543bf994fbd,The Book Thief,Markus Zusak,2014,Fiction
d1e4cec5-78e6-407a-a4a8-efcf25d2806e,The Book with No Pictures,B. J. Novak,2014,Fiction
ec71878b-c054-43c1-b99b-2a4c0ebfd987,The Book with No Pictures,B. J. Novak,2015,Fiction
9c6c6f00-e83d-4282-b5df-ba12c9046b77,The Boys in the Boat: Nine Americans and Their Epic Quest for Gold at the 1936 Berlin Olympics,Daniel James Brown,2014,Non Fiction
2f3d45ad-f202-4560-976e-0b68346f8a05,The Boys in the Boat: Nine Americans and Their Epic Quest for Gold at the 1936 Berlin Olympics,Daniel James Brown,2015,Non Fiction
f2c8d270-7673-4edf-943e-2fca4fdb17fc,The Casual Vacancy,J.K. Rowling,2012,Fiction
a2936031-93fe-45ed-9c60-0d16b66c11bf,The China Study: The Most Comprehensive Study of Nutrition Ever Conducted And the Startling Implications for Diet…,Thomas Campbell,2011,Non Fiction
616fc11e-23a0-46ec-afa8-b6960a3b1eee,The Complete Ketogenic Diet for Beginners: Your Essential Guide to Living the Keto Lifestyle,Amy Ramos,2018,Non Fiction
fbf9b6df-8ed4-49ce-950e-36289a8b56c0,The Complete Ketogenic Diet for Beginners: Your Essential Guide to Living the Keto Lifestyle,Amy Ramos,2019,Non Fiction
44f79ac0-2b3d-4387-b1b9-11144e1ac68f,The Confession: A Novel,John Grisham,2010,Fiction
efba352e-a36b-4234-8b59-80f6e2193b7c,The Constitution of the United States,Delegates of the Constitutional,2016,Non Fiction
623f5523-4d72-45b3-8e7f-7f6e1fbfae1c,The Daily Show with Jon Stewart Presents Earth (The Book): A Visitor's Guide to the Human Race,Jon Stewart,2010,Non Fiction
ae780259-d278-4b2d-8426-774d54b34655,The Day the Crayons Quit,Drew Daywalt,2013,Fiction
e2957431-93df-4d90-8ecb-e91d6472655c,The Day the Crayons Quit,Drew Daywalt,2014,Fiction
991af77f-4cfb-4061-b08c-7f805fcd4519,The Day the Crayons Quit,Drew Daywalt,2015,Fiction
59adb754-0e38-4c59-ad8a-a30cae79f383,"The Dukan Diet: 2 Steps to Lose the Weight, 2 Steps to Keep It Off Forever",Pierre Dukan,2011,Non Fiction
522b1d02-b3e6-4881-ad80-5f5f696f0d9c,The Elegance of the Hedgehog,Muriel Barbery,2009,Fiction
cd8ca5d7-f753-4d13-8853-d252e0f1b394,The Fault in Our Stars,John Green,2012,Fiction
7b5e1de5-6c7c-493e-b0b0-fd38bf926280,The Fault in Our Stars,John Green,2013,Fiction
8f6153a6-df35-4fb3-8163-8cfe5e225814,The Fault in Our Stars,John Green,2014,Fiction
802a9224-5df7-4670-ba3f-5a17115525fc,The Fault in Our Stars,John Green,2014,Fiction
3f970118-c66f-4ae7-abbc-f2242dce9432,The Five Dysfunctions of a Team: A Leadership Fable,Patrick Lencioni,2009,Non Fiction
20b5aa5b-2f1d-448c-8d60-0e35aeb7ea97,The Five Dysfunctions of a Team: A Leadership Fable,Patrick Lencioni,2010,Non Fiction
ae4826b4-7700-475b-955b-d0d046382603,The Five Dysfunctions of a Team: A Leadership Fable,Patrick Lencioni,2011,Non Fiction
855014b4-46cd-4f89-bd37-e81b51589865,The Five Dysfunctions of a Team: A Leadership Fable,Patrick Lencioni,2012,Non Fiction
726db433-fe75-4aa1-87d9-4b8d57a861be,The Five Dysfunctions of a Team: A Leadership Fable,Patrick Lencioni,2013,Non Fiction
90e07d75-0621-4c9f-8f07-fcd36d3419d3,The Five Love Languages: How to Express Heartfelt Commitment to Your Mate,Gary Chapman,2009,Non Fiction
e075d05f-31f3-432a-b9bb-310b819e4307,The Four Agreements: A Practical Guide to Personal Freedom (A Toltec Wisdom Book),Don Miguel Ruiz,2013,Non Fiction
dd1f832e-b0c0-4c73-983a-90bcba490e09,The Four Agreements: A Practical Guide to Personal Freedom (A Toltec Wisdom Book),Don Miguel Ruiz,2015,Non Fiction
ac249b50-183f-4b8b-9f09-13c069716768,The Four Agreements: A Practical Guide to Personal Freedom (A Toltec Wisdom Book),Don Miguel Ruiz,2016,Non Fiction
82e10657-f386-435c-be01-0bdf5270547b,The Four Agreements: A Practical Guide to Personal Freedom (A Toltec Wisdom Book),Don Miguel Ruiz,2017,Non Fiction
48f39bb6-57ff-4b8f-8dee-cfd148661981,The Four Agreements: A Practical Guide to Personal Freedom (A Toltec Wisdom Book),Don Miguel Ruiz,2018,Non Fiction
e248672e-e159-4e4d-acfc-4c05d9140a28,The Four Agreements: A Practical Guide to Personal Freedom (A Toltec Wisdom Book),Don Miguel Ruiz,2019,Non Fiction
a705c53b-ce92-47ee-b68a-c02fed1a824f,The Getaway,Jeff Kinney,2017,Fiction
731d8ac4-6643-495c-9051-196cb77f616c,The Girl on the Train,Paula Hawkins,2015,Fiction
b925f3dd-cc1e-44d5-a263-62e57dd62707,The Girl on the Train,Paula Hawkins,2016,Fiction
195ffd15-90db-47b0-88c0-57945935a7f1,The Girl Who Kicked the Hornet's Nest (Millennium Trilogy),Stieg Larsson,2010,Fiction
6bc8f9eb-1c63-4686-927a-406d35ee27ac,The Girl Who Kicked the Hornet's Nest (Millennium Trilogy),Stieg Larsson,2011,Fiction
2e6d99ed-b2b8-4ec4-b3a8-8d0c848dc7be,The Girl Who Played with Fire (Millennium Series),Stieg Larsson,2010,Fiction
2ff3fb25-4399-4e5d-a344-9e77ae2e605f,The Girl Who Played with Fire (Millennium),Stieg Larsson,2009,Fiction
8d525369-98bf-4a3e-8ab2-6923c6126056,The Girl with the Dragon Tattoo (Millennium Series),Stieg Larsson,2009,Fiction
4e36c708-ea9b-46ec-8f1c-54c93a098e7c,The Girl with the Dragon Tattoo (Millennium Series),Stieg Larsson,2010,Fiction
476697bf-e5a9-4dfa-8a53-bfeac15891a2,The Going-To-Bed Book,Sandra Boynton,2016,Fiction
f3b00ad7-bd95-468e-b76d-2c4dbea86ba3,The Going-To-Bed Book,Sandra Boynton,2017,Fiction
aea23388-c491-456e-b10f-fa5bef5e58e1,The Goldfinch: A Novel (Pulitzer Prize for Fiction),Donna Tartt,2013,Fiction
c20d8795-86ae-47a0-9dce-3c72ad134c1c,The Goldfinch: A Novel (Pulitzer Prize for Fiction),Donna Tartt,2014,Fiction
849b20b2-a2f5-42cf-80a1-87ca64545f05,The Great Gatsby,F. Scott Fitzgerald,2012,Fiction
a8d1bff0-69c7-4661-a318-0f582d3ff9b8,The Great Gatsby,F. Scott Fitzgerald,2013,Fiction
e20733a1-11c0-4431-b472-80279e7b6de6,The Great Gatsby,F. Scott Fitzgerald,2014,Fiction
2ab98074-fda2-472d-a107-df587453a1bc,The Guardians: A Novel,John Grisham,2019,Fiction
adcf4bb6-21bc-4f26-9479-25cd3c1ef059,The Guernsey Literary and Potato Peel Pie Society,Mary Ann Shaffer,2009,Fiction
d5287e6f-4923-4d29-ba0e-ed4f973e11cf,The Handmaid's Tale,Margaret Atwood,2017,Fiction
6e76dd49-5b2b-48ed-a80f-513b83285300,The Harbinger: The Ancient Mystery that Holds the Secret of America's Future,Jonathan Cahn,2012,Fiction
5479af38-50ad-4e1d-90b6-88580cdf06d5,The Hate U Give,Angie Thomas,2018,Fiction
235a2bb9-a570-4662-95ca-a8fc652b05db,The Help,Kathryn Stockett,2009,Fiction
74b95616-f64a-4bd3-9b9d-69fd816ea0a6,The Help,Kathryn Stockett,2010,Fiction
095c2f09-9512-4acf-a87c-2201dd605ddb,The Help,Kathryn Stockett,2011,Fiction
f97e9265-8735-47db-b317-249c2736c04d,The Help,Kathryn Stockett,2011,Fiction
ae1f641d-561d-4b9c-ae2c-9b02828ba3bf,"The House of Hades (Heroes of Olympus, Book 4)",Rick Riordan,2013,Fiction
726e4d47-d931-43dc-81a3-f8849e2acb1e,The Hunger Games,Suzanne Collins,2010,Fiction
ba02ffbe-9ee1-443d-b083-597b2252d115,The Hunger Games (Book 1),Suzanne Collins,2011,Fiction
36c4e082-913b-4377-9d5f-e5fc3548a754,The Hunger Games (Book 1),Suzanne Collins,2012,Fiction
f261c69c-ba04-480c-adc9-af7adabb9f49,The Hunger Games Trilogy Boxed Set (1),Suzanne Collins,2011,Fiction
0632ab4f-1e20-4a9e-a5de-25989addcf42,The Hunger Games Trilogy Boxed Set (1),Suzanne Collins,2012,Fiction
29b807a7-9201-4322-b83f-bd5be90e072f,The Immortal Life of Henrietta Lacks,Rebecca Skloot,2010,Non Fiction
63fafda0-b0bd-4dcf-a4c3-b75000343343,The Immortal Life of Henrietta Lacks,Rebecca Skloot,2011,Non Fiction
2c6c9c70-1a3b-4b4a-a64d-97b696a2f750,The Immortal Life of Henrietta Lacks,Rebecca Skloot,2012,Non Fiction
940cbb2b-b942-4570-a3db-ba92e7665ebd,The Instant Pot Electric Pressure Cooker Cookbook: Easy Recipes for Fast & Healthy Meals,Laurel Randolph,2017,Non Fiction
c8494732-3302-468f-a615-0f8ad28e66b9,The Instant Pot Electric Pressure Cooker Cookbook: Easy Recipes for Fast & Healthy Meals,Laurel Randolph,2018,Non Fiction
a45b6a28-9916-4b19-9817-5b9c4be34f42,The Last Lecture,Randy Pausch,2009,Non Fiction
b90fb368-a78b-4567-b803-4fbc06156c7a,"The Last Olympian (Percy Jackson and the Olympians, Book 5)",Rick Riordan,2009,Fiction
ae4ec998-db5b-4df4-8743-afb74630fb35,"The Last Olympian (Percy Jackson and the Olympians, Book 5)",Rick Riordan,2010,Fiction
f32834e9-9a25-4442-9a42-7d8c7710017c,The Legend of Zelda: Hyrule Historia,Patrick Thorpe,2013,Fiction
f60c1f01-448c-451b-b28e-e8ccc20be0fe,The Lego Ideas Book: Unlock Your Imagination,Daniel Lipkowitz,2011,Non Fiction
be893ca8-34e3-4063-b4fb-aae7f1d013a8,The Lego Ideas Book: Unlock Your Imagination,Daniel Lipkowitz,2012,Non Fiction
5c50ce67-3712-4535-a54c-13cdb9024266,The Life-Changing Magic of Tidying Up: The Japanese Art of Decluttering and Organizing,Marie Kondō,2015,Non Fiction
5c4807d8-9956-400d-a2ee-d253ce075ab0,The Life-Changing Magic of Tidying Up: The Japanese Art of Decluttering and Organizing,Marie Kondō,2016,Non Fiction
bec2959c-d115-49b2-951c-e5fcbc703e65,The Life-Changing Magic of Tidying Up: The Japanese Art of Decluttering and Organizing,Marie Kondō,2017,Non Fiction
dad4ecf0-1878-49c5-b592-76623c5084e7,The Life-Changing Magic of Tidying Up: The Japanese Art of Decluttering and Organizing,Marie Kondō,2019,Non Fiction
fb493642-72de-4fa3-ad8c-7c615e717810,The Litigators,John Grisham,2011,Fiction
248c6076-2a35-4eae-8204-bdad319f4377,"The Lost Hero (Heroes of Olympus, Book 1)",Rick Riordan,2010,Fiction
081035f8-92ea-4ea3-8247-89b6d216a1c5,The Lost Symbol,Dan Brown,2009,Fiction
bce41943-e1d3-4820-9647-6e72a12e8946,The Love Dare,Stephen Kendrick,2009,Non Fiction
82ea6ede-ebe6-494d-a5b8-f476daa33a6d,The Magnolia Story,Chip Gaines,2016,Non Fiction
b6c0eced-ab8e-436b-ae6e-ef277d0899d4,"The Mark of Athena (Heroes of Olympus, Book 3)",Rick Riordan,2012,Fiction
647c9bcc-26f5-40f2-8bb5-a2084daf5d53,The Martian,Andy Weir,2015,Fiction
5d4fdafd-ada0-42af-bd6d-fe86229cf84b,The Maze Runner (Book 1),James Dashner,2014,Fiction
72074fa0-7d80-412b-93c1-641f4b439cbd,The Meltdown (Diary of a Wimpy Kid Book 13),Jeff Kinney,2018,Fiction
dac4b326-bdb5-43a4-9dc7-8d668d5cf50f,The Mueller Report,The Washington Post,2019,Non Fiction
46018926-9a2f-468d-8c92-1fe51101a97c,The Nightingale: A Novel,Kristin Hannah,2015,Fiction
6578b091-03b9-4b56-8ff8-9ae4169847d5,The Nightingale: A Novel,Kristin Hannah,2016,Fiction
4198192d-610a-42f8-8f41-f5768891d8ac,The Official SAT Study Guide,The College Board,2010,Non Fiction
c6cd6bb2-0482-41ae-ab62-108c9e7af6eb,The Official SAT Study Guide,The College Board,2011,Non Fiction
bf15aff7-711b-4427-8419-1d336401066d,The Official SAT Study Guide,The College Board,2012,Non Fiction
5cd54b9c-e237-484e-bff9-0e0fe75ac012,The Official SAT Study Guide,The College Board,2013,Non Fiction
54106149-3639-45ae-825d-647cba8dc7d1,The Official SAT Study Guide,The College Board,2014,Non Fiction
4143b953-a0b4-4c67-89c0-6b6bd52ec288,"The Official SAT Study Guide, 2016 Edition (Official Study Guide for the New Sat)",The College Board,2016,Non Fiction
128dc202-e760-4a6c-a39e-93cbc6f5a43d,The Paris Wife: A Novel,Paula McLain,2011,Fiction
056aa047-4327-4b59-8e7a-8a811e5caffe,"The Pioneer Woman Cooks: A Year of Holidays: 140 Step-by-Step Recipes for Simple, Scrumptious Celebrations",Ree Drummond,2013,Non Fiction
695936fc-7e68-404a-9d54-0b6781e9248d,"The Pioneer Woman Cooks: Dinnertime - Comfort Classics, Freezer Food, 16-minute Meals, and Other Delicious Ways to Solve…",Ree Drummond,2015,Non Fiction
42f73dec-f5d1-4c42-b81e-106f96ff1f6b,The Pioneer Woman Cooks: Food from My Frontier,Ree Drummond,2012,Non Fiction
be497a4d-5a9e-4723-aef3-0f67a3bdb60d,"The Plant Paradox Cookbook: 100 Delicious Recipes to Help You Lose Weight, Heal Your Gut, and Live Lectin-Free",Dr. Steven R Gundry MD,2018,Non Fiction
d4a889b3-03c5-4782-99b0-102284bdd7bc,"The Plant Paradox: The Hidden Dangers in ""Healthy"" Foods That Cause Disease and Weight Gain",Dr. Steven R Gundry MD,2018,Non Fiction
3dde75a6-f30a-41b6-919f-262e9caeb34a,The Pout-Pout Fish,Deborah Diesen,2017,Fiction
e39e27e4-f0d2-456a-94ff-208bfabf7a0c,The Pout-Pout Fish,Deborah Diesen,2018,Fiction
9847267e-c298-42b4-90db-92b104437aac,The Power of Habit: Why We Do What We Do in Life and Business,Charles Duhigg,2012,Non Fiction
f07a50cb-376b-4810-812f-541702279453,The President Is Missing: A Novel,James Patterson,2018,Fiction
758471ef-609d-4176-af02-d31cb35f1158,The Racketeer,John Grisham,2012,Fiction
bd7eec3a-1ee9-49f4-bb82-40da981d6e5d,"The Red Pyramid (The Kane Chronicles, Book 1)",Rick Riordan,2010,Fiction
762f9eb7-5416-4d98-a276-de2c8f32290e,"The Road to Serfdom: Text and Documents--The Definitive Edition (The Collected Works of F. A. Hayek, Volume 2)",F. A. Hayek,2010,Non Fiction
54bc5de2-6917-4d01-b5ed-25aecc49c226,"The Serpent's Shadow (The Kane Chronicles, Book 3)",Rick Riordan,2012,Fiction
542a3870-afd2-4c6c-ae82-ec4fa698c42f,The Shack: Where Tragedy Confronts Eternity,William P. Young,2009,Fiction
bafe1b55-4088-437a-ba69-af3dab5b9390,The Shack: Where Tragedy Confronts Eternity,William P. Young,2017,Fiction
3294a8aa-7394-4794-8cc9-3854ba963188,The Short Second Life of Bree Tanner: An Eclipse Novella (The Twilight Saga),Stephenie Meyer,2010,Fiction
451697d2-f828-49ac-a044-937ee20ce96c,The Silent Patient,Alex Michaelides,2019,Fiction
9869cbd8-7d32-4af9-9e81-7de131677da0,"The Son of Neptune (Heroes of Olympus, Book 2)",Rick Riordan,2011,Fiction
dab68d11-cd1f-4953-ab54-cf8e87f9111e,The Subtle Art of Not Giving a F*ck: A Counterintuitive Approach to Living a Good Life,Mark Manson,2017,Non Fiction
4e95c9f2-5072-4d9b-af08-13f51f1f69e3,The Subtle Art of Not Giving a F*ck: A Counterintuitive Approach to Living a Good Life,Mark Manson,2018,Non Fiction
9cd964ed-2c35-4e9a-8cc2-d87e693f89a4,The Subtle Art of Not Giving a F*ck: A Counterintuitive Approach to Living a Good Life,Mark Manson,2019,Non Fiction
b11a96ac-aaee-4968-acc2-184d32ef45b2,The Sun and Her Flowers,Rupi Kaur,2017,Non Fiction
fc1966ff-a17f-4caf-9803-100353ebbd46,"The Third Wheel (Diary of a Wimpy Kid, Book 7)",Jeff Kinney,2012,Fiction
c1f841c2-3f9c-4308-8992-07b80973fb14,"The Throne of Fire (The Kane Chronicles, Book 2)",Rick Riordan,2011,Fiction
5f37f274-4dc5-4799-801c-ab2e520ba54f,The Time Traveler's Wife,Audrey Niffenegger,2009,Fiction
46b027f2-411f-4b2c-9084-802a86d27382,The Tipping Point: How Little Things Can Make a Big Difference,Malcolm Gladwell,2009,Non Fiction
acc3e036-d0fe-4b71-a860-1189ba7959ce,The Total Money Makeover: Classic Edition: A Proven Plan for Financial Fitness,Dave Ramsey,2019,Non Fiction
0aa454ba-f0bc-48e0-ba6f-2f2e60f12f4a,The Twilight Saga Collection,Stephenie Meyer,2009,Fiction
a15519d5-666f-4057-9655-ce24b07da1af,"The Ugly Truth (Diary of a Wimpy Kid, Book 5)",Jeff Kinney,2010,Fiction
9b4156d1-cc4c-4e2a-8f1e-1c6e01913f8a,The Unofficial Harry Potter Cookbook: From Cauldron Cakes to Knickerbocker Glory--More Than 150 Magical Recipes for…,Dinah Bucholz,2019,Non Fiction
36136647-b7cd-4647-afd4-3e01c809b8b4,The Very Hungry Caterpillar,Eric Carle,2013,Fiction
ba9d531a-3b9e-419f-8917-18be860a5eb7,The Very Hungry Caterpillar,Eric Carle,2014,Fiction
d305c859-3c6a-46e4-99bb-0a7ea638a1f3,The Very Hungry Caterpillar,Eric Carle,2015,Fiction
dcc52a50-659b-497e-bd66-2d0f81ebaff8,The Very Hungry Caterpillar,Eric Carle,2016,Fiction
fcc32614-3cc1-45bf-ae40-b454e78b1fce,The Very Hungry Caterpillar,Eric Carle,2017,Fiction
89f283cc-8b61-4067-8150-bd39368b4e90,The Very Hungry Caterpillar,Eric Carle,2018,Fiction
ca0b88a8-697d-49a3-82cf-761d53cf4358,The Very Hungry Caterpillar,Eric Carle,2019,Fiction
3e23be3a-40e6-4bd1-ac26-722baa6e20c1,The Whole30: The 30-Day Guide to Total Health and Food Freedom,Melissa Hartwig Urban,2015,Non Fiction
c3d4f92d-8d5c-41ff-9eba-a8849cf97209,The Whole30: The 30-Day Guide to Total Health and Food Freedom,Melissa Hartwig Urban,2016,Non Fiction
3ee791e9-25c1-449c-8e26-7f105418ed49,The Whole30: The 30-Day Guide to Total Health and Food Freedom,Melissa Hartwig Urban,2017,Non Fiction
6d93c12a-7c91-4b96-a9a2-071df6ada9de,The Wonderful Things You Will Be,Emily Winfield Martin,2016,Fiction
a572d36e-c64a-4f6e-82b2-77252be5a598,The Wonderful Things You Will Be,Emily Winfield Martin,2017,Fiction
d658e102-e36b-48a8-a1b0-ab0dbfb2fa8a,The Wonderful Things You Will Be,Emily Winfield Martin,2018,Fiction
27c726ba-cc93-4dd4-816c-e29bf953d892,The Wonderful Things You Will Be,Emily Winfield Martin,2019,Fiction
f6043557-f8f3-4f0f-96a2-a807d73e5226,The Wonky Donkey,Craig Smith,2018,Fiction
ed14429e-045a-411f-b7de-e96d24f12ac7,The Wonky Donkey,Craig Smith,2019,Fiction
f9e0fa45-f7b5-4498-8514-7814e32280dc,The Wright Brothers,David McCullough,2015,Non Fiction
7aef5cf5-97d1-442c-9d7c-eac8a653c395,"Things That Matter: Three Decades of Passions, Pastimes and Politics [Deckled Edge]",Charles Krauthammer,2013,Non Fiction
3fb24be2-987d-4680-8a49-136bbeb65d00,"Thinking, Fast and Slow",Daniel Kahneman,2011,Non Fiction
63664f64-e558-4933-8f86-c9fd6d037f7b,"Thinking, Fast and Slow",Daniel Kahneman,2012,Non Fiction
276781cd-8a7c-4cfc-910c-c3fdaaf265fc,Thirteen Reasons Why,Jay Asher,2017,Fiction
dfe594ab-ffcd-49e6-b6c7-b20921fde454,Thomas Jefferson: The Art of Power,Jon Meacham,2012,Non Fiction
65581a45-3f7c-40aa-be5d-650f119f8e18,Three Cups of Tea: One Man's Mission to Promote Peace - One School at a Time,Greg Mortenson,2009,Non Fiction
f690d469-0973-4e74-a9e0-78cf1ee8c0bc,Three Cups of Tea: One Man's Mission to Promote Peace - One School at a Time,Greg Mortenson,2010,Non Fiction
88d0fc3b-0d44-4e78-9be7-25836051efd7,Thug Kitchen: The Official Cookbook: Eat Like You Give a F*ck (Thug Kitchen Cookbooks),Thug Kitchen,2014,Non Fiction
f768b686-8ab9-4529-b12c-ba8c804502e8,Thug Kitchen: The Official Cookbook: Eat Like You Give a F*ck (Thug Kitchen Cookbooks),Thug Kitchen,2015,Non Fiction
56f441ac-538f-4128-8870-ee7cc3ff5208,Thug Kitchen: The Official Cookbook: Eat Like You Give a F*ck (Thug Kitchen Cookbooks),Thug Kitchen,2016,Non Fiction
c891be30-edb5-44c7-8c37-57d7194682ab,Thug Kitchen: The Official Cookbook: Eat Like You Give a F*ck (Thug Kitchen Cookbooks),Thug Kitchen,2017,Non Fiction
f78c97bd-74d2-4a0c-812b-c95884be1dd8,Tina Fey: Bossypants,Tina Fey,2011,Non Fiction
9a035e89-50e0-4313-994a-95afcf36ab2f,To Kill a Mockingbird,Harper Lee,2013,Fiction
d3ce6af4-afe6-4f06-aa08-550a702cd5bb,To Kill a Mockingbird,Harper Lee,2014,Fiction
ed2b6452-7228-44f3-88a5-28c99b3001eb,To Kill a Mockingbird,Harper Lee,2015,Fiction
59b804c6-0332-48f5-9fad-d2cefd4d69b5,To Kill a Mockingbird,Harper Lee,2016,Fiction
e460aad3-04fd-4120-ad22-d6582f5511ca,To Kill a Mockingbird,Harper Lee,2019,Fiction
9cdb18ab-645e-4a28-adf8-9d99e9391409,"Tools of Titans: The Tactics, Routines, and Habits of Billionaires, Icons, and World-Class Performers",Timothy Ferriss,2017,Non Fiction
4b39fbcd-790e-457a-b1ed-987fe4392c09,"Towers of Midnight (Wheel of Time, Book Thirteen)",Robert Jordan,2010,Fiction
6b7b47ec-d564-4b64-aa4d-88c592b3ffcb,True Compass: A Memoir,Edward M. Kennedy,2009,Non Fiction
e396d9bc-a89e-479d-8ae7-dd5ae8dee526,"Twilight (The Twilight Saga, Book 1)",Stephenie Meyer,2009,Fiction
6b625c34-8e87-4b08-8620-8628e14ca72b,Ultimate Sticker Book: Frozen: More Than 60 Reusable Full-Color Stickers,DK,2014,Fiction
d374803e-f01b-42fd-b5cd-fcd5c3c5f53a,"Unbroken: A World War II Story of Survival, Resilience, and Redemption",Laura Hillenbrand,2010,Non Fiction
fe22b6a1-d89a-45d0-a180-e49c2b055601,"Unbroken: A World War II Story of Survival, Resilience, and Redemption",Laura Hillenbrand,2011,Non Fiction
0182543e-52aa-40af-b9d3-70519f15df77,"Unbroken: A World War II Story of Survival, Resilience, and Redemption",Laura Hillenbrand,2012,Non Fiction
7a8ec755-7146-4a77-a50f-468bbce135e6,"Unbroken: A World War II Story of Survival, Resilience, and Redemption",Laura Hillenbrand,2014,Non Fiction
212f54a3-3874-40c1-9d39-3b93d8234319,"Unbroken: A World War II Story of Survival, Resilience, and Redemption",Laura Hillenbrand,2014,Non Fiction
df80c7c2-3186-40dc-a244-9769e97b7426,Under the Dome: A Novel,Stephen King,2009,Fiction
33b57ea9-e281-4bb5-aa20-9f0a00e26ec7,Unfreedom of the Press,Mark R. Levin,2019,Non Fiction
406eb2e5-01dd-4bae-9d36-0788bdcc071c,Unicorn Coloring Book: For Kids Ages 4-8 (US Edition) (Silly Bear Coloring Books),Silly Bear,2019,Non Fiction
ff5cfc42-1ca0-47f0-a430-6dcd54c5eada,"Uninvited: Living Loved When You Feel Less Than, Left Out, and Lonely",Lysa TerKeurst,2016,Non Fiction
98408163-19d2-44fc-9b75-72a48fb8b59c,Watchmen,Alan Moore,2009,Fiction
d1bef2c0-0e18-423f-8831-7bb4febed0ae,Water for Elephants: A Novel,Sara Gruen,2011,Fiction
0804d9c3-03ed-469f-84f5-7ac941cadb73,What Happened,Hillary Rodham Clinton,2017,Non Fiction
2c2b3b4e-33d4-4d93-b2d6-2c0a60d0bc5c,What If?: Serious Scientific Answers to Absurd Hypothetical Questions,Randall Munroe,2014,Non Fiction
c7d06240-2a71-4360-a343-6abb725da318,What Pet Should I Get? (Classic Seuss),Dr. Seuss,2015,Fiction
0d5273b8-ef03-4062-8e0b-c3ad042d1f94,What Should Danny Do? (The Power to Choose Series),Adir Levy,2019,Fiction
90cd67d3-7d4d-4014-986b-6781edce9293,What to Expect When You're Expecting,Heidi Murkoff,2011,Non Fiction
d651405c-0fa1-4c40-9a6c-59fefbe9e568,"Wheat Belly: Lose the Wheat, Lose the Weight, and Find Your Path Back to Health",William Davis,2012,Non Fiction
54b53457-9f18-4012-8828-33fbd0065bd1,"Wheat Belly: Lose the Wheat, Lose the Weight, and Find Your Path Back to Health",William Davis,2013,Non Fiction
6de007d2-978e-4b41-bf9b-70834263156e,When Breath Becomes Air,Paul Kalanithi,2016,Non Fiction
7092b761-2d2c-4b80-97ed-f1e69173a3d4,Where the Crawdads Sing,Delia Owens,2019,Fiction
577d2e38-cfd0-464e-8184-422e78356295,Where the Wild Things Are,Maurice Sendak,2009,Fiction
d9183b80-9f0f-46f9-bfc0-82ecbf68237d,Whose Boat Is This Boat?: Comments That Don't Help in the Aftermath of a Hurricane,The Staff of The Late Show with,2018,Non Fiction
d4bff550-aa4c-4363-88dc-d75d8cb7fdd6,Wild: From Lost to Found on the Pacific Crest Trail,Cheryl Strayed,2012,Non Fiction
ea4001ac-5b8c-4b19-9ca9-ce430a093dde,Winter of the World: Book Two of the Century Trilogy,Ken Follett,2012,Fiction
176b3a87-99fb-47f6-97e1-cdc93194f7ff,Women Food and God: An Unexpected Path to Almost Everything,Geneen Roth,2010,Non Fiction
a6dde075-9312-4017-8ee0-7dc82ca13f84,Wonder,R. J. Palacio,2013,Fiction
c1387b87-5e3a-44bb-b6fb-c4591bf0bfcc,Wonder,R. J. Palacio,2014,Fiction
3802c515-c400-4f9a-94a3-cab884a7b39d,Wonder,R. J. Palacio,2015,Fiction
a7d01443-c898-43fc-930d-2d97793ab98e,Wonder,R. J. Palacio,2016,Fiction
1d426904-13ae-48f6-92e3-8443812a54ba,Wonder,R. J. Palacio,2017,Fiction
f7e00707-9dc8-4b61-bac1-5fc934bc6cba,Wrecking Ball (Diary of a Wimpy Kid Book 14),Jeff Kinney,2019,Fiction
ad8d222f-a71e-491f-8423-7a0858234e00,You Are a Badass: How to Stop Doubting Your Greatness and Start Living an Awesome Life,Jen Sincero,2016,Non Fiction
730cfcf3-16cf-4242-978e-3729a4fd93c0,You Are a Badass: How to Stop Doubting Your Greatness and Start Living an Awesome Life,Jen Sincero,2017,Non Fiction
97d31a55-5cec-43c4-bf9e-444edcbd3745,You Are a Badass: How to Stop Doubting Your Greatness and Start Living an Awesome Life,Jen Sincero,2018,Non Fiction
4046b21a-0e58-4efc-890b-648c771788d5,You Are a Badass: How to Stop Doubting Your Greatness and Start Living an Awesome Life,Jen Sincero,2019,Non Fiction
